Workbook

Sheet SETUP
A1: RENEWAL MANAGEMENT TOOL — PROPERTY SETUP
A2: PROPERTY CONFIGURATION
A3: Property Name: | B3: RISE Bartram Park | C3: ← Enter your property name here (blue = input cell)
A4: Month / Year: | B4: April 2026 | C4: ← Enter month and year (e.g., 'April 2026')
A6: FLOOR PLAN CONFIGURATION — Rates & Occupancy by Unit Type
A7: Enter each floor plan type, its current market rate, budget rate, and occupancy status. The renewal tracker sheet uses these values to auto-populate offers — just enter the Unit Type and everything calculates.
A8: Floor Plan Type | B8: Market Rate ($) | C8: Budget Rate ($) | D8: Occupancy Status (Under / Over) | E8: Unit Description / Notes
A9: A1 | B9: 1595 | C9: 1504 | D9: Under | E9: 1 Bed / 1 Bath
A10: A2 | B10: 1795 | C10: 1476 | D10: Over | E10: 1 Bed / 1 Bath
A11: A3 | B11: 1878 | C11: 1727 | D11: Under | E11: 1 Bed / 1 Bath
A12: A4 | B12: 1421 | C12: 1424 | D12: Over | E12: 1 Bed / 1 Bath
A13: A5 | B13: 1719 | C13: 1561 | D13: Under | E13: 1 Bed / 1 Bath
A14: B1 | B14: 1809 | C14: 1764 | D14: Under | E14: 2 Bed / 2 Bath
A15: B2 | B15: 1595 | C15: 1806 | D15: Under | E15: 2 Bed / 2 Bath
A16: B3 | B16: 1880 | C16: 1976 | D16: Under | E16: 2 Bed / 2 Bath
A17: B4 | B17: 1942 | C17: 1845 | D17: Over | E17: 2 Bed / 2 Bath
A18: B5 | B18: 1860 | C18: 1776 | D18: Over | E18: 2 Bed / 2 Bath
A19: B6 | B19: 1880 | C19: 1789 | D19: Under | E19: 2 Bed / 2 Bath
A20: B7 | B20: 2047 | C20: 1821 | D20: Over | E20: 2 Bed / 2 Bath
... A24: S2 | B24: 1301 | C24: 1298 | D24: Over | E24: 0 Bed / 1 Bath
A25: ⚠ Occupancy Status: Type "Under" when floor plan is below occupancy budget target, "Over" when above it. This controls which offer formula tier is applied.
A27: HOW TO USE THIS TOOL
A28: Step 1 — Configure: | B28: Update Property Name and Month/Year above. Enter all floor plan types with market rates, budget rates, and occupancy status (Under/Over). These feed every renewal sheet automatically.
A29: Step 2 — Enter Residents: | B29: Go to the monthly renewal sheet (e.g., 'Mar 2026'). Type resident data in the orange columns: Name, Unit, Unit Type, Expiration Date, Deposit Held, and Current Rate. All other columns calculate automatically.
A30: Step 3 — Track Decisions: | B30: As decisions come in, enter dates or notes in the Renewal Signed, Transfer, or NTV Rcv'd columns. Rows auto-color: Green = Renewed, Red = NTV, Blue = Transfer, Yellow = Pending.
A31: Step 4 — New Month: | B31: Right-click the TEMPLATE tab → 'Move or Copy' → check 'Create a copy' → rename to new month (e.g., 'Apr 2026'). Update Month/Year in this SETUP sheet.
A32: Step 5 — New Property: | B32: Save a copy of this entire workbook with the new property name. Then update SETUP with the new property name and its floor plan configuration. All sheets reference SETUP automatically.
A34: ROW COLOR CODING (auto-applied based on status entries)
A35: Renewed | B35: A date/value entered in 'Renewal Signed' column (N) turns the row green
A36: NTV (Notice to Vacate) | B36: A date/value entered in 'NTV Rcv'd' column (P) turns the row red
A37: Transfer | B37: A date/value entered in 'Transfer' column (O) turns the row blue
A38: Pending Signature | B38: Color manually with yellow fill using Excel's fill tool
A39: MTM (Month-to-Month) | B39: Color manually with gray fill using Excel's fill tool

Sheet March 2026
A1: =SETUP!B3&" - "&SETUP!B4&" Renewals" -> RISE Bartram Park - April 2026 Renewals
A2: Name | B2: Unit | C2: Unit Type | D2: Expiration Date | E2: 90-Day Notice | F2: 60-Day Notice | G2: 30-Day Notice | H2: Deposit Held | I2: Current Rate | J2: Recommended Offer | K2: Investor Override % Increase | L2: Investor Override Offer | M2: Offer 1 Conservative | N2: Offer 2 Balanced | O2: Offer 3 Aggressive | P2: Signed Offer | Q2: Renewal Signed | R2: Transfer | S2: NTV Rcv'd | T2: Phone | U2: Notes | V2: Market Rate | W2: Budget | X2: Occupancy (Under/Over) | Y2: Rent Growth Offer 1 | Z2: Rent Growth Offer 2 | AA2: Rent Growth Offer 3 | AB2: Signed Rent Growth
A3: ▼ Enter | B3: ▼ Enter | C3: ▼ Enter | D3: ▼ Enter | E3: ◀ Auto | F3: ◀ Auto | G3: ◀ Auto | H3: ▼ Enter | I3: ▼ Enter | J3: ◀ Auto | K3: ▼ Enter | L3: ◀ Auto | M3: ◀ Auto | N3: ◀ Auto | O3: ◀ Auto | P3: ▼ Select | Q3: ▼ Enter | R3: ▼ Enter | S3: ▼ Enter | T3: ▼ Enter | U3: ▼ Enter | V3: ◀ Auto | W3: ◀ Auto | X3: ◀ Auto | Y3: ◀ Auto | Z3: ◀ Auto | AA3: ◀ Auto | AB3: ◀ Auto
A4: Jones, Bhrett | B4: 2-2103 | C4: A4 | D4: 46092 | E4: =IF(D4="","",D4-90) -> 46002 | F4: =IF(D4="","",D4-60) -> 46032 | G4: =IF(D4="","",D4-30) -> 46062 | H4: 0 | I4: 1422 | J4: =IF(I4="","",IF(ABS(N4-W4)<=ABS(M4-W4),IF(ABS(N4-W4)<=ABS(O4-W4),"Offer 2","Offer 3"),IF(ABS(M4-W4)<=ABS(O4-W4),"Offer 1","Offer 3"))) -> Offer 1 | K4: 0 | L4: =IF(OR(I4="",K4=""),"",CEILING(I4*(1+K4),5)) -> 1425 | M4: =IF(I4="","",IF(X4="Under",CEILING(MAX(I4*1.02,MIN(V4,W4)*0.95),5),CEILING(MAX(I4*1.03,MIN(V4,W4)*0.97),5))) -> 1465 | N4: =IF(I4="","",IF(X4="Under",CEILING(MAX(I4*1.03,(V4+W4)/2*0.96),5),CEILING(MAX(I4*1.05,(V4+W4)/2*0.98),5))) -> 1495 | O4: =IF(I4="","",IF(X4="Under",CEILING(MAX(I4*1.05,MIN(V4,W4*1.01)),5),CEILING(MAX(I4*1.08,MIN(V4,W4*1.02)),5))) -> 1540 | P4: Investor Override | Q4: 46030 | T4: (904) 788-3770 | U4: 12 months / 0% increase / $250 concession | V4: =IF(C4="","",IFERROR(VLOOKUP(C4,SETUP!$A$9:$D$24,2,0),"⚠ Check SETUP")) -> 1421 | W4: =IF(C4="","",IFERROR(VLOOKUP(C4,SETUP!$A$9:$D$24,3,0),"⚠ Check SETUP")) -> 1424 | X4: =IF(C4="","",IFERROR(VLOOKUP(C4,SETUP!$A$9:$D$24,4,0),"⚠ Check SETUP")) -> Over | Y4: =IF(OR(I4="",M4=""),"",(M4-I4)/I4) -> 0.0302391 | Z4: =IF(OR(I4="",N4=""),"",(N4-I4)/I4) -> 0.051336146 | AA4: =IF(OR(I4="",O4=""),"",(O4-I4)/I4) -> 0.082981716 | AB4: =IF(OR(Q4="",S4<>"",P4="",I4=""),"",IF(P4="Investor Override",IF(L4="","",(L4-I4)/I4),IF(P4="Offer 1",IF(M4="","",(M4-I4)/I4),IF(P4="Offer 2",IF(N4="","",(N4-I4)/I4),IF(P4="Offer 3",IF(O4="","",(O4-I4)/I4),""))))) -> 0.0021097046
A5: Maslennikov, George | B5: 2-2405 | C5: A4 | D5: 46094 | E5: =IF(D5="","",D5-90) -> 46004 | F5: =IF(D5="","",D5-60) -> 46034 | G5: =IF(D5="","",D5-30) -> 46064 | H5: 0 | I5: 1488 | J5: =IF(I5="","",IF(ABS(N5-W5)<=ABS(M5-W5),IF(ABS(N5-W5)<=ABS(O5-W5),"Offer 2","Offer 3"),IF(ABS(M5-W5)<=ABS(O5-W5),"Offer 1","Offer 3"))) -> Offer 1 | K5: 0 | L5: =IF(OR(I5="",K5=""),"",CEILING(I5*(1+K5),5)) -> 1490 | M5: =IF(I5="","",IF(X5="Under",CEILING(MAX(I5*1.02,MIN(V5,W5)*0.95),5),CEILING(MAX(I5*1.03,MIN(V5,W5)*0.97),5))) -> 1535 | N5: =IF(I5="","",IF(X5="Under",CEILING(MAX(I5*1.03,(V5+W5)/2*0.96),5),CEILING(MAX(I5*1.05,(V5+W5)/2*0.98),5))) -> 1565 | O5: =IF(I5="","",IF(X5="Under",CEILING(MAX(I5*1.05,MIN(V5,W5*1.01)),5),CEILING(MAX(I5*1.08,MIN(V5,W5*1.02)),5))) -> 1610 | P5: Investor Override | Q5: 46055 | T5: (770) 877-2171 | U5: 12 months / 0% increase / $250 concession | V5: =IF(C5="","",IFERROR(VLOOKUP(C5,SETUP!$A$9:$D$24,2,0),"⚠ Check SETUP")) -> 1421 | W5: =IF(C5="","",IFERROR(VLOOKUP(C5,SETUP!$A$9:$D$24,3,0),"⚠ Check SETUP")) -> 1424 | X5: =IF(C5="","",IFERROR(VLOOKUP(C5,SETUP!$A$9:$D$24,4,0),"⚠ Check SETUP")) -> Over | Y5: =IF(OR(I5="",M5=""),"",(M5-I5)/I5) -> 0.031586022 | Z5: =IF(OR(I5="",N5=""),"",(N5-I5)/I5) -> 0.051747312 | AA5: =IF(OR(I5="",O5=""),"",(O5-I5)/I5) -> 0.081989247 | AB5: =IF(OR(Q5="",S5<>"",P5="",I5=""),"",IF(P5="Investor Override",IF(L5="","",(L5-I5)/I5),IF(P5="Offer 1",IF(M5="","",(M5-I5)/I5),IF(P5="Offer 2",IF(N5="","",(N5-I5)/I5),IF(P5="Offer 3",IF(O5="","",(O5-I5)/I5),""))))) -> 0.001344086
A6: Meador, Camden | B6: 3-3302 | C6: B5 | D6: 46095 | E6: =IF(D6="","",D6-90) -> 46005 | F6: =IF(D6="","",D6-60) -> 46035 | G6: =IF(D6="","",D6-30) -> 46065 | H6: 0 | I6: 1839 | J6: =IF(I6="","",IF(ABS(N6-W6)<=ABS(M6-W6),IF(ABS(N6-W6)<=ABS(O6-W6),"Offer 2","Offer 3"),IF(ABS(M6-W6)<=ABS(O6-W6),"Offer 1","Offer 3"))) -> Offer 1 | K6: 0 | L6: =IF(OR(I6="",K6=""),"",CEILING(I6*(1+K6),5)) -> 1840 | M6: =IF(I6="","",IF(X6="Under",CEILING(MAX(I6*1.02,MIN(V6,W6)*0.95),5),CEILING(MAX(I6*1.03,MIN(V6,W6)*0.97),5))) -> 1895 | N6: =IF(I6="","",IF(X6="Under",CEILING(MAX(I6*1.03,(V6+W6)/2*0.96),5),CEILING(MAX(I6*1.05,(V6+W6)/2*0.98),5))) -> 1935 | O6: =IF(I6="","",IF(X6="Under",CEILING(MAX(I6*1.05,MIN(V6,W6*1.01)),5),CEILING(MAX(I6*1.08,MIN(V6,W6*1.02)),5))) -> 1990 | P6: Investor Override | Q6: 46071 | T6: (615) 200-4957 | U6: 15 months / 0% increase / No concession | V6: =IF(C6="","",IFERROR(VLOOKUP(C6,SETUP!$A$9:$D$24,2,0),"⚠ Check SETUP")) -> 1860 | W6: =IF(C6="","",IFERROR(VLOOKUP(C6,SETUP!$A$9:$D$24,3,0),"⚠ Check SETUP")) -> 1776 | X6: =IF(C6="","",IFERROR(VLOOKUP(C6,SETUP!$A$9:$D$24,4,0),"⚠ Check SETUP")) -> Over | Y6: =IF(OR(I6="",M6=""),"",(M6-I6)/I6) -> 0.030451332 | Z6: =IF(OR(I6="",N6=""),"",(N6-I6)/I6) -> 0.052202284 | AA6: =IF(OR(I6="",O6=""),"",(O6-I6)/I6) -> 0.082109842 | AB6: =IF(OR(Q6="",S6<>"",P6="",I6=""),"",IF(P6="Investor Override",IF(L6="","",(L6-I6)/I6),IF(P6="Offer 1",IF(M6="","",(M6-I6)/I6),IF(P6="Offer 2",IF(N6="","",(N6-I6)/I6),IF(P6="Offer 3",IF(O6="","",(O6-I6)/I6),""))))) -> 0.00054377379
A7: Isenbeck, Eric | B7: 1-1415 | C7: A4 | D7: 46097 | E7: =IF(D7="","",D7-90) -> 46007 | F7: =IF(D7="","",D7-60) -> 46037 | G7: =IF(D7="","",D7-30) -> 46067 | H7: 1595 | I7: 1595 | J7: =IF(I7="","",IF(ABS(N7-W7)<=ABS(M7-W7),IF(ABS(N7-W7)<=ABS(O7-W7),"Offer 2","Offer 3"),IF(ABS(M7-W7)<=ABS(O7-W7),"Offer 1","Offer 3"))) -> Offer 1 | K7: 0.016 | L7: =IF(OR(I7="",K7=""),"",CEILING(I7*(1+K7),5)) -> 1625 | M7: =IF(I7="","",IF(X7="Under",CEILING(MAX(I7*1.02,MIN(V7,W7)*0.95),5),CEILING(MAX(I7*1.03,MIN(V7,W7)*0.97),5))) -> 1645 | N7: =IF(I7="","",IF(X7="Under",CEILING(MAX(I7*1.03,(V7+W7)/2*0.96),5),CEILING(MAX(I7*1.05,(V7+W7)/2*0.98),5))) -> 1675 | O7: =IF(I7="","",IF(X7="Under",CEILING(MAX(I7*1.05,MIN(V7,W7*1.01)),5),CEILING(MAX(I7*1.08,MIN(V7,W7*1.02)),5))) -> 1725 | P7: Investor Override | Q7: 46045 | T7: (813) 388-1477 | U7: 14 months / 2% increase / $250 concession | V7: =IF(C7="","",IFERROR(VLOOKUP(C7,SETUP!$A$9:$D$24,2,0),"⚠ Check SETUP")) -> 1421 | W7: =IF(C7="","",IFERROR(VLOOKUP(C7,SETUP!$A$9:$D$24,3,0),"⚠ Check SETUP")) -> 1424 | X7: =IF(C7="","",IFERROR(VLOOKUP(C7,SETUP!$A$9:$D$24,4,0),"⚠ Check SETUP")) -> Over | Y7: =IF(OR(I7="",M7=""),"",(M7-I7)/I7) -> 0.031347962 | Z7: =IF(OR(I7="",N7=""),"",(N7-I7)/I7) -> 0.05015674 | AA7: =IF(OR(I7="",O7=""),"",(O7-I7)/I7) -> 0.081504702 | AB7: =IF(OR(Q7="",S7<>"",P7="",I7=""),"",IF(P7="Investor Override",IF(L7="","",(L7-I7)/I7),IF(P7="Offer 1",IF(M7="","",(M7-I7)/I7),IF(P7="Offer 2",IF(N7="","",(N7-I7)/I7),IF(P7="Offer 3",IF(O7="","",(O7-I7)/I7),""))))) -> 0.018808777
A8: Contreras, Alfonso | B8: 2-2132 | C8: B3 | D8: 46097 | E8: =IF(D8="","",D8-90) -> 46007 | F8: =IF(D8="","",D8-60) -> 46037 | G8: =IF(D8="","",D8-30) -> 46067 | H8: 0 | I8: 1934 | J8: =IF(I8="","",IF(ABS(N8-W8)<=ABS(M8-W8),IF(ABS(N8-W8)<=ABS(O8-W8),"Offer 2","Offer 3"),IF(ABS(M8-W8)<=ABS(O8-W8),"Offer 1","Offer 3"))) -> Offer 1 | K8: 0 | L8: =IF(OR(I8="",K8=""),"",CEILING(I8*(1+K8),5)) -> 1935 | M8: =IF(I8="","",IF(X8="Under",CEILING(MAX(I8*1.02,MIN(V8,W8)*0.95),5),CEILING(MAX(I8*1.03,MIN(V8,W8)*0.97),5))) -> 1975 | N8: =IF(I8="","",IF(X8="Under",CEILING(MAX(I8*1.03,(V8+W8)/2*0.96),5),CEILING(MAX(I8*1.05,(V8+W8)/2*0.98),5))) -> 1995 | O8: =IF(I8="","",IF(X8="Under",CEILING(MAX(I8*1.05,MIN(V8,W8*1.01)),5),CEILING(MAX(I8*1.08,MIN(V8,W8*1.02)),5))) -> 2035 | P8: Investor Override | Q8: 46055 | T8: (305) 332-5594 | U8: 15 months / 0% increase / $250 concession | V8: =IF(C8="","",IFERROR(VLOOKUP(C8,SETUP!$A$9:$D$24,2,0),"⚠ Check SETUP")) -> 1880 | W8: =IF(C8="","",IFERROR(VLOOKUP(C8,SETUP!$A$9:$D$24,3,0),"⚠ Check SETUP")) -> 1976 | X8: =IF(C8="","",IFERROR(VLOOKUP(C8,SETUP!$A$9:$D$24,4,0),"⚠ Check SETUP")) -> Under | Y8: =IF(OR(I8="",M8=""),"",(M8-I8)/I8) -> 0.021199586 | Z8: =IF(OR(I8="",N8=""),"",(N8-I8)/I8) -> 0.031540848 | AA8: =IF(OR(I8="",O8=""),"",(O8-I8)/I8) -> 0.052223371 | AB8: =IF(OR(Q8="",S8<>"",P8="",I8=""),"",IF(P8="Investor Override",IF(L8="","",(L8-I8)/I8),IF(P8="Offer 1",IF(M8="","",(M8-I8)/I8),IF(P8="Offer 2",IF(N8="","",(N8-I8)/I8),IF(P8="Offer 3",IF(O8="","",(O8-I8)/I8),""))))) -> 0.00051706308
A9: Harper, Elise | B9: 3-3205 | C9: A1 | D9: 46100 | E9: =IF(D9="","",D9-90) -> 46010 | F9: =IF(D9="","",D9-60) -> 46040 | G9: =IF(D9="","",D9-30) -> 46070 | H9: 1497 | I9: 1497 | J9: =IF(I9="","",IF(ABS(N9-W9)<=ABS(M9-W9),IF(ABS(N9-W9)<=ABS(O9-W9),"Offer 2","Offer 3"),IF(ABS(M9-W9)<=ABS(O9-W9),"Offer 1","Offer 3"))) -> Offer 1 | K9: 0.023 | L9: =IF(OR(I9="",K9=""),"",CEILING(I9*(1+K9),5)) -> 1535 | M9: =IF(I9="","",IF(X9="Under",CEILING(MAX(I9*1.02,MIN(V9,W9)*0.95),5),CEILING(MAX(I9*1.03,MIN(V9,W9)*0.97),5))) -> 1530 | N9: =IF(I9="","",IF(X9="Under",CEILING(MAX(I9*1.03,(V9+W9)/2*0.96),5),CEILING(MAX(I9*1.05,(V9+W9)/2*0.98),5))) -> 1545 | O9: =IF(I9="","",IF(X9="Under",CEILING(MAX(I9*1.05,MIN(V9,W9*1.01)),5),CEILING(MAX(I9*1.08,MIN(V9,W9*1.02)),5))) -> 1575 | P9: Investor Override | Q9: 46062 | T9: (904) 770-0706 | U9: 14 months / 2% increase / No concession | V9: =IF(C9="","",IFERROR(VLOOKUP(C9,SETUP!$A$9:$D$24,2,0),"⚠ Check SETUP")) -> 1595 | W9: =IF(C9="","",IFERROR(VLOOKUP(C9,SETUP!$A$9:$D$24,3,0),"⚠ Check SETUP")) -> 1504 | X9: =IF(C9="","",IFERROR(VLOOKUP(C9,SETUP!$A$9:$D$24,4,0),"⚠ Check SETUP")) -> Under | Y9: =IF(OR(I9="",M9=""),"",(M9-I9)/I9) -> 0.022044088 | Z9: =IF(OR(I9="",N9=""),"",(N9-I9)/I9) -> 0.032064128 | AA9: =IF(OR(I9="",O9=""),"",(O9-I9)/I9) -> 0.052104208 | AB9: =IF(OR(Q9="",S9<>"",P9="",I9=""),"",IF(P9="Investor Override",IF(L9="","",(L9-I9)/I9),IF(P9="Offer 1",IF(M9="","",(M9-I9)/I9),IF(P9="Offer 2",IF(N9="","",(N9-I9)/I9),IF(P9="Offer 3",IF(O9="","",(O9-I9)/I9),""))))) -> 0.025384102
A10: Crowley Sr, Chris | B10: 3-3105 | C10: A1 | D10: 46100 | E10: =IF(D10="","",D10-90) -> 46010 | F10: =IF(D10="","",D10-60) -> 46040 | G10: =IF(D10="","",D10-30) -> 46070 | H10: 0 | I10: 1473 | J10: =IF(I10="","",IF(ABS(N10-W10)<=ABS(M10-W10),IF(ABS(N10-W10)<=ABS(O10-W10),"Offer 2","Offer 3"),IF(ABS(M10-W10)<=ABS(O10-W10),"Offer 1","Offer 3"))) -> Offer 1 | K10: 0.02 | L10: =IF(OR(I10="",K10=""),"",CEILING(I10*(1+K10),5)) -> 1505 | M10: =IF(I10="","",IF(X10="Under",CEILING(MAX(I10*1.02,MIN(V10,W10)*0.95),5),CEILING(MAX(I10*1.03,MIN(V10,W10)*0.97),5))) -> 1505 | N10: =IF(I10="","",IF(X10="Under",CEILING(MAX(I10*1.03,(V10+W10)/2*0.96),5),CEILING(MAX(I10*1.05,(V10+W10)/2*0.98),5))) -> 1520 | O10: =IF(I10="","",IF(X10="Under",CEILING(MAX(I10*1.05,MIN(V10,W10*1.01)),5),CEILING(MAX(I10*1.08,MIN(V10,W10*1.02)),5))) -> 1550 | S10: 46038 | T10: (609) 554-9142 | U10: Condo purchase | V10: =IF(C10="","",IFERROR(VLOOKUP(C10,SETUP!$A$9:$D$24,2,0),"⚠ Check SETUP")) -> 1595 | W10: =IF(C10="","",IFERROR(VLOOKUP(C10,SETUP!$A$9:$D$24,3,0),"⚠ Check SETUP")) -> 1504 | X10: =IF(C10="","",IFERROR(VLOOKUP(C10,SETUP!$A$9:$D$24,4,0),"⚠ Check SETUP")) -> Under | Y10: =IF(OR(I10="",M10=""),"",(M10-I10)/I10) -> 0.021724372 | Z10: =IF(OR(I10="",N10=""),"",(N10-I10)/I10) -> 0.031907671 | AA10: =IF(OR(I10="",O10=""),"",(O10-I10)/I10) -> 0.05227427 | AB10: =IF(OR(Q10="",S10<>"",P10="",I10=""),"",IF(P10="Investor Override",IF(L10="","",(L10-I10)/I10),IF(P10="Offer 1",IF(M10="","",(M10-I10)/I10),IF(P10="Offer 2",IF(N10="","",(N10-I10)/I10),IF(P10="Offer 3",IF(O10="","",(O10-I10)/I10),"")))))
A11: Clement, Justin | B11: 1-1418 | C11: A1 | D11: 46101 | E11: =IF(D11="","",D11-90) -> 46011 | F11: =IF(D11="","",D11-60) -> 46041 | G11: =IF(D11="","",D11-30) -> 46071 | H11: 0 | I11: 1561 | J11: =IF(I11="","",IF(ABS(N11-W11)<=ABS(M11-W11),IF(ABS(N11-W11)<=ABS(O11-W11),"Offer 2","Offer 3"),IF(ABS(M11-W11)<=ABS(O11-W11),"Offer 1","Offer 3"))) -> Offer 1 | K11: 0.02 | L11: =IF(OR(I11="",K11=""),"",CEILING(I11*(1+K11),5)) -> 1595 | M11: =IF(I11="","",IF(X11="Under",CEILING(MAX(I11*1.02,MIN(V11,W11)*0.95),5),CEILING(MAX(I11*1.03,MIN(V11,W11)*0.97),5))) -> 1595 | N11: =IF(I11="","",IF(X11="Under",CEILING(MAX(I11*1.03,(V11+W11)/2*0.96),5),CEILING(MAX(I11*1.05,(V11+W11)/2*0.98),5))) -> 1610 | O11: =IF(I11="","",IF(X11="Under",CEILING(MAX(I11*1.05,MIN(V11,W11*1.01)),5),CEILING(MAX(I11*1.08,MIN(V11,W11*1.02)),5))) -> 1640 | S11: 46022 | T11: (409) 781-5300 | U11: Refused feedback - Gave SJC PO Box at MO | V11: =IF(C11="","",IFERROR(VLOOKUP(C11,SETUP!$A$9:$D$24,2,0),"⚠ Check SETUP")) -> 1595 | W11: =IF(C11="","",IFERROR(VLOOKUP(C11,SETUP!$A$9:$D$24,3,0),"⚠ Check SETUP")) -> 1504 | X11: =IF(C11="","",IFERROR(VLOOKUP(C11,SETUP!$A$9:$D$24,4,0),"⚠ Check SETUP")) -> Under | Y11: =IF(OR(I11="",M11=""),"",(M11-I11)/I11) -> 0.02178091 | Z11: =IF(OR(I11="",N11=""),"",(N11-I11)/I11) -> 0.031390135 | AA11: =IF(OR(I11="",O11=""),"",(O11-I11)/I11) -> 0.050608584 | AB11: =IF(OR(Q11="",S11<>"",P11="",I11=""),"",IF(P11="Investor Override",IF(L11="","",(L11-I11)/I11),IF(P11="Offer 1",IF(M11="","",(M11-I11)/I11),IF(P11="Offer 2",IF(N11="","",(N11-I11)/I11),IF(P11="Offer 3",IF(O11="","",(O11-I11)/I11),"")))))
A12: Leveson, Madelyne | B12: 3-3107 | C12: A5 | D12: 46101 | E12: =IF(D12="","",D12-90) -> 46011 | F12: =IF(D12="","",D12-60) -> 46041 | G12: =IF(D12="","",D12-30) -> 46071 | H12: 1540 | I12: 1540 | J12: =IF(I12="","",IF(ABS(N12-W12)<=ABS(M12-W12),IF(ABS(N12-W12)<=ABS(O12-W12),"Offer 2","Offer 3"),IF(ABS(M12-W12)<=ABS(O12-W12),"Offer 1","Offer 3"))) -> Offer 1 | K12: 0.02 | L12: =IF(OR(I12="",K12=""),"",CEILING(I12*(1+K12),5)) -> 1575 | M12: =IF(I12="","",IF(X12="Under",CEILING(MAX(I12*1.02,MIN(V12,W12)*0.95),5),CEILING(MAX(I12*1.03,MIN(V12,W12)*0.97),5))) -> 1575 | N12: =IF(I12="","",IF(X12="Under",CEILING(MAX(I12*1.03,(V12+W12)/2*0.96),5),CEILING(MAX(I12*1.05,(V12+W12)/2*0.98),5))) -> 1590 | O12: =IF(I12="","",IF(X12="Under",CEILING(MAX(I12*1.05,MIN(V12,W12*1.01)),5),CEILING(MAX(I12*1.08,MIN(V12,W12*1.02)),5))) -> 1620 | S12: 46036 | T12: (813) 610-0948 | U12: Relocated out of state | V12: =IF(C12="","",IFERROR(VLOOKUP(C12,SETUP!$A$9:$D$24,2,0),"⚠ Check SETUP")) -> 1719 | W12: =IF(C12="","",IFERROR(VLOOKUP(C12,SETUP!$A$9:$D$24,3,0),"⚠ Check SETUP")) -> 1561 | X12: =IF(C12="","",IFERROR(VLOOKUP(C12,SETUP!$A$9:$D$24,4,0),"⚠ Check SETUP")) -> Under | Y12: =IF(OR(I12="",M12=""),"",(M12-I12)/I12) -> 0.022727273 | Z12: =IF(OR(I12="",N12=""),"",(N12-I12)/I12) -> 0.032467532 | AA12: =IF(OR(I12="",O12=""),"",(O12-I12)/I12) -> 0.051948052 | AB12: =IF(OR(Q12="",S12<>"",P12="",I12=""),"",IF(P12="Investor Override",IF(L12="","",(L12-I12)/I12),IF(P12="Offer 1",IF(M12="","",(M12-I12)/I12),IF(P12="Offer 2",IF(N12="","",(N12-I12)/I12),IF(P12="Offer 3",IF(O12="","",(O12-I12)/I12),"")))))
A13: Morris, Kortney | B13: 1-1426 | C13: A4 | D13: 46102 | E13: =IF(D13="","",D13-90) -> 46012 | F13: =IF(D13="","",D13-60) -> 46042 | G13: =IF(D13="","",D13-30) -> 46072 | H13: 1595 | I13: 1625 | J13: =IF(I13="","",IF(ABS(N13-W13)<=ABS(M13-W13),IF(ABS(N13-W13)<=ABS(O13-W13),"Offer 2","Offer 3"),IF(ABS(M13-W13)<=ABS(O13-W13),"Offer 1","Offer 3"))) -> Offer 1 | K13: 0.016 | L13: =IF(OR(I13="",K13=""),"",CEILING(I13*(1+K13),5)) -> 1655 | M13: =IF(I13="","",IF(X13="Under",CEILING(MAX(I13*1.02,MIN(V13,W13)*0.95),5),CEILING(MAX(I13*1.03,MIN(V13,W13)*0.97),5))) -> 1675 | N13: =IF(I13="","",IF(X13="Under",CEILING(MAX(I13*1.03,(V13+W13)/2*0.96),5),CEILING(MAX(I13*1.05,(V13+W13)/2*0.98),5))) -> 1710 | O13: =IF(I13="","",IF(X13="Under",CEILING(MAX(I13*1.05,MIN(V13,W13*1.01)),5),CEILING(MAX(I13*1.08,MIN(V13,W13*1.02)),5))) -> 1755 | P13: Investor Override | Q13: 46002 | T13: (314) 922-0090 | U13: 15 month / 2% increase / $250 concession | V13: =IF(C13="","",IFERROR(VLOOKUP(C13,SETUP!$A$9:$D$24,2,0),"⚠ Check SETUP")) -> 1421 | W13: =IF(C13="","",IFERROR(VLOOKUP(C13,SETUP!$A$9:$D$24,3,0),"⚠ Check SETUP")) -> 1424 | X13: =IF(C13="","",IFERROR(VLOOKUP(C13,SETUP!$A$9:$D$24,4,0),"⚠ Check SETUP")) -> Over | Y13: =IF(OR(I13="",M13=""),"",(M13-I13)/I13) -> 0.030769231 | Z13: =IF(OR(I13="",N13=""),"",(N13-I13)/I13) -> 0.052307692 | AA13: =IF(OR(I13="",O13=""),"",(O13-I13)/I13) -> 0.08 | AB13: =IF(OR(Q13="",S13<>"",P13="",I13=""),"",IF(P13="Investor Override",IF(L13="","",(L13-I13)/I13),IF(P13="Offer 1",IF(M13="","",(M13-I13)/I13),IF(P13="Offer 2",IF(N13="","",(N13-I13)/I13),IF(P13="Offer 3",IF(O13="","",(O13-I13)/I13),""))))) -> 0.018461538
A14: Murdock, John | B14: 2-2421 | C14: B1 | D14: 46108 | E14: =IF(D14="","",D14-90) -> 46018 | F14: =IF(D14="","",D14-60) -> 46048 | G14: =IF(D14="","",D14-30) -> 46078 | H14: 0 | I14: 1798 | J14: =IF(I14="","",IF(ABS(N14-W14)<=ABS(M14-W14),IF(ABS(N14-W14)<=ABS(O14-W14),"Offer 2","Offer 3"),IF(ABS(M14-W14)<=ABS(O14-W14),"Offer 1","Offer 3"))) -> Offer 1 | K14: 0 | L14: =IF(OR(I14="",K14=""),"",CEILING(I14*(1+K14),5)) -> 1800 | M14: =IF(I14="","",IF(X14="Under",CEILING(MAX(I14*1.02,MIN(V14,W14)*0.95),5),CEILING(MAX(I14*1.03,MIN(V14,W14)*0.97),5))) -> 1835 | N14: =IF(I14="","",IF(X14="Under",CEILING(MAX(I14*1.03,(V14+W14)/2*0.96),5),CEILING(MAX(I14*1.05,(V14+W14)/2*0.98),5))) -> 1855 | O14: =IF(I14="","",IF(X14="Under",CEILING(MAX(I14*1.05,MIN(V14,W14*1.01)),5),CEILING(MAX(I14*1.08,MIN(V14,W14*1.02)),5))) -> 1890 | S14: 46048 | T14: (813) 469-6465 | U14: Home purchase | V14: =IF(C14="","",IFERROR(VLOOKUP(C14,SETUP!$A$9:$D$24,2,0),"⚠ Check SETUP")) -> 1809 | W14: =IF(C14="","",IFERROR(VLOOKUP(C14,SETUP!$A$9:$D$24,3,0),"⚠ Check SETUP")) -> 1764 | X14: =IF(C14="","",IFERROR(VLOOKUP(C14,SETUP!$A$9:$D$24,4,0),"⚠ Check SETUP")) -> Under | Y14: =IF(OR(I14="",M14=""),"",(M14-I14)/I14) -> 0.02057842 | Z14: =IF(OR(I14="",N14=""),"",(N14-I14)/I14) -> 0.031701891 | AA14: =IF(OR(I14="",O14=""),"",(O14-I14)/I14) -> 0.051167964 | AB14: =IF(OR(Q14="",S14<>"",P14="",I14=""),"",IF(P14="Investor Override",IF(L14="","",(L14-I14)/I14),IF(P14="Offer 1",IF(M14="","",(M14-I14)/I14),IF(P14="Offer 2",IF(N14="","",(N14-I14)/I14),IF(P14="Offer 3",IF(O14="","",(O14-I14)/I14),"")))))
A15: Beardsley, Aaron | B15: 1-1419 | C15: B2 | D15: 46108 | E15: =IF(D15="","",D15-90) -> 46018 | F15: =IF(D15="","",D15-60) -> 46048 | G15: =IF(D15="","",D15-30) -> 46078 | H15: 0 | I15: 1911 | J15: =IF(I15="","",IF(ABS(N15-W15)<=ABS(M15-W15),IF(ABS(N15-W15)<=ABS(O15-W15),"Offer 2","Offer 3"),IF(ABS(M15-W15)<=ABS(O15-W15),"Offer 1","Offer 3"))) -> Offer 1 | K15: 0 | L15: =IF(OR(I15="",K15=""),"",CEILING(I15*(1+K15),5)) -> 1915 | M15: =IF(I15="","",IF(X15="Under",CEILING(MAX(I15*1.02,MIN(V15,W15)*0.95),5),CEILING(MAX(I15*1.03,MIN(V15,W15)*0.97),5))) -> 1950 | N15: =IF(I15="","",IF(X15="Under",CEILING(MAX(I15*1.03,(V15+W15)/2*0.96),5),CEILING(MAX(I15*1.05,(V15+W15)/2*0.98),5))) -> 1970 | O15: =IF(I15="","",IF(X15="Under",CEILING(MAX(I15*1.05,MIN(V15,W15*1.01)),5),CEILING(MAX(I15*1.08,MIN(V15,W15*1.02)),5))) -> 2010 | P15: Investor Override | Q15: 46031 | T15: (704) 287-9074 | U15: 12 months / 0% increase / $250 concession | V15: =IF(C15="","",IFERROR(VLOOKUP(C15,SETUP!$A$9:$D$24,2,0),"⚠ Check SETUP")) -> 1595 | W15: =IF(C15="","",IFERROR(VLOOKUP(C15,SETUP!$A$9:$D$24,3,0),"⚠ Check SETUP")) -> 1806 | X15: =IF(C15="","",IFERROR(VLOOKUP(C15,SETUP!$A$9:$D$24,4,0),"⚠ Check SETUP")) -> Under | Y15: =IF(OR(I15="",M15=""),"",(M15-I15)/I15) -> 0.020408163 | Z15: =IF(OR(I15="",N15=""),"",(N15-I15)/I15) -> 0.030873888 | AA15: =IF(OR(I15="",O15=""),"",(O15-I15)/I15) -> 0.051805338 | AB15: =IF(OR(Q15="",S15<>"",P15="",I15=""),"",IF(P15="Investor Override",IF(L15="","",(L15-I15)/I15),IF(P15="Offer 1",IF(M15="","",(M15-I15)/I15),IF(P15="Offer 2",IF(N15="","",(N15-I15)/I15),IF(P15="Offer 3",IF(O15="","",(O15-I15)/I15),""))))) -> 0.002093145
A16: Fussell, Callie | B16: 1-1407 | C16: A1 | D16: 46111 | E16: =IF(D16="","",D16-90) -> 46021 | F16: =IF(D16="","",D16-60) -> 46051 | G16: =IF(D16="","",D16-30) -> 46081 | H16: 0 | I16: 1494 | J16: =IF(I16="","",IF(ABS(N16-W16)<=ABS(M16-W16),IF(ABS(N16-W16)<=ABS(O16-W16),"Offer 2","Offer 3"),IF(ABS(M16-W16)<=ABS(O16-W16),"Offer 1","Offer 3"))) -> Offer 1 | K16: 0.04 | L16: =IF(OR(I16="",K16=""),"",CEILING(I16*(1+K16),5)) -> 1555 | M16: =IF(I16="","",IF(X16="Under",CEILING(MAX(I16*1.02,MIN(V16,W16)*0.95),5),CEILING(MAX(I16*1.03,MIN(V16,W16)*0.97),5))) -> 1525 | N16: =IF(I16="","",IF(X16="Under",CEILING(MAX(I16*1.03,(V16+W16)/2*0.96),5),CEILING(MAX(I16*1.05,(V16+W16)/2*0.98),5))) -> 1540 | O16: =IF(I16="","",IF(X16="Under",CEILING(MAX(I16*1.05,MIN(V16,W16*1.01)),5),CEILING(MAX(I16*1.08,MIN(V16,W16*1.02)),5))) -> 1570 | R16: 46109 | T16: (904) 827-3893 | U16: Larger apartment | V16: =IF(C16="","",IFERROR(VLOOKUP(C16,SETUP!$A$9:$D$24,2,0),"⚠ Check SETUP")) -> 1595 | W16: =IF(C16="","",IFERROR(VLOOKUP(C16,SETUP!$A$9:$D$24,3,0),"⚠ Check SETUP")) -> 1504 | X16: =IF(C16="","",IFERROR(VLOOKUP(C16,SETUP!$A$9:$D$24,4,0),"⚠ Check SETUP")) -> Under | Y16: =IF(OR(I16="",M16=""),"",(M16-I16)/I16) -> 0.020749665 | Z16: =IF(OR(I16="",N16=""),"",(N16-I16)/I16) -> 0.030789826 | AA16: =IF(OR(I16="",O16=""),"",(O16-I16)/I16) -> 0.050870147 | AB16: =IF(OR(Q16="",S16<>"",P16="",I16=""),"",IF(P16="Investor Override",IF(L16="","",(L16-I16)/I16),IF(P16="Offer 1",IF(M16="","",(M16-I16)/I16),IF(P16="Offer 2",IF(N16="","",(N16-I16)/I16),IF(P16="Offer 3",IF(O16="","",(O16-I16)/I16),"")))))
A18: RETENTION ANALYSIS
A19: Metric | B19: Count | C19: % of Expirations | D19: % of Decided | E19: Status
A20: Total Lease Expirations | B20: =COUNTA(A4:A16) -> 13
A21: Renewals Signed | B21: =COUNTA(Q4:Q16) -> 8 | C21: =IFERROR(B21/B20,"-") -> 0.61538462 | D21: =IFERROR(B21/(B21+B22),"-") -> 0.66666667 | E21: =IF(B20=0,"Awaiting data",IF(B21/B20>=0.6,"On Track ✓","Needs Attention ⚠")) -> On Track ✓
A22: NTV's Received | B22: =COUNTA(S4:S16) -> 4 | C22: =IFERROR(B22/B20,"-") -> 0.30769231 | D22: =IFERROR(B22/(B21+B22),"-") -> 0.33333333 | E22: =IF(B20=0,"Awaiting data",IF(B22/B20<=0.2,"Acceptable","High NTV ⚠")) -> High NTV ⚠
A23: Transfers | B23: =COUNTA(R4:R16) -> 1 | C23: =IFERROR(B23/B20,"-") -> 0.076923077 | D23: — | E23: Resident retained in portfolio
A24: Pending / Not Yet Decided | B24: =MAX(0,B20-B21-B22-B23) -> 0 | C24: =IFERROR(B24/B20,"-") -> 0 | D24: — | E24: =IF(B24=0,"All accounted for ✓","Follow up needed") -> All accounted for ✓
A26: RETENTION RATE (Renewals ÷ Total Expirations) | C26: =IFERROR(B21/B20,"-") -> 0.61538462 | D26: =IF(B20=0,"Enter resident data to calculate",IF(B21/B20>=0.6,"✓ Meeting target retention","⚠ Below target — review offers")) -> ✓ Meeting target retention
A27: RETENTION RATE (Renewals ÷ Renewals + NTVs) ← of decided residents | C27: =IFERROR(B21/(B21+B22),"-") -> 0.66666667 | D27: Excludes pending residents — only counts those who have made a decision (renewed or NTV'd)
A30: Legend
A31: Renewed (auto: enter date in Renewal Signed)
A32: Pending Signature (manual: apply yellow fill)
A33: NTV / Notice to Vacate (auto: enter date in NTV Rcv'd)
A34: Transfer (auto: enter date in Transfer)
A35: MTM / Month-to-Month (manual: apply gray fill)

Sheet April 2026
A1: =SETUP!B3&" - "&SETUP!B4&" Renewals" -> RISE Bartram Park - April 2026 Renewals
A2: Name | B2: Unit | C2: Unit Type | D2: Expiration Date | E2: 90-Day Notice | F2: 60-Day Notice | G2: 30-Day Notice | H2: Deposit Held | I2: Current Rate | J2: Recommended Offer | K2: Investor Override % Increase | L2: Investor Override Offer | M2: Offer 1 Conservative | N2: Offer 2 Balanced | O2: Offer 3 Aggressive | P2: Signed Offer | Q2: Renewal Signed | R2: Transfer | S2: NTV Rcv'd | T2: Phone | U2: Notes | V2: Market Rate | W2: Budget | X2: Occupancy (Under/Over) | Y2: Rent Growth Offer 1 | Z2: Rent Growth Offer 2 | AA2: Rent Growth Offer 3 | AB2: Signed Rent Growth
A3: ▼ Enter | B3: ▼ Enter | C3: ▼ Enter | D3: ▼ Enter | E3: ◀ Auto | F3: ◀ Auto | G3: ◀ Auto | H3: ▼ Enter | I3: ▼ Enter | J3: ◀ Auto | K3: ▼ Enter | L3: ◀ Auto | M3: ◀ Auto | N3: ◀ Auto | O3: ◀ Auto | P3: ▼ Select | Q3: ▼ Enter | R3: ▼ Enter | S3: ▼ Enter | T3: ▼ Enter | U3: ▼ Enter | V3: ◀ Auto | W3: ◀ Auto | X3: ◀ Auto | Y3: ◀ Auto | Z3: ◀ Auto | AA3: ◀ Auto | AB3: ◀ Auto
A4: Carlton, Kevin | B4: 3-3313 | C4: B2 | D4: 46114 | E4: =IF(D4="","",D4-90) -> 46024 | F4: =IF(D4="","",D4-60) -> 46054 | G4: =IF(D4="","",D4-30) -> 46084 | H4: 0 | I4: 1812 | J4: =IF(I4="","",IF(ABS(N4-W4)<=ABS(M4-W4),IF(ABS(N4-W4)<=ABS(O4-W4),"Offer 2","Offer 3"),IF(ABS(M4-W4)<=ABS(O4-W4),"Offer 1","Offer 3"))) -> Offer 1 | K4: 0 | L4: =IF(OR(I4="",K4=""),"",CEILING(I4*(1+K4),5)) -> 1815 | M4: =IF(I4="","",IF(X4="Under",CEILING(MAX(I4*1.02,MIN(V4,W4)*0.95),5),CEILING(MAX(I4*1.03,MIN(V4,W4)*0.97),5))) -> 1850 | N4: =IF(I4="","",IF(X4="Under",CEILING(MAX(I4*1.03,(V4+W4)/2*0.96),5),CEILING(MAX(I4*1.05,(V4+W4)/2*0.98),5))) -> 1870 | O4: =IF(I4="","",IF(X4="Under",CEILING(MAX(I4*1.05,MIN(V4,W4*1.01)),5),CEILING(MAX(I4*1.08,MIN(V4,W4*1.02)),5))) -> 1905 | P4: Investor Override | Q4: 46098 | T4: (904) 610-2926 | U4: 12 months / 0% increase / No concession | V4: =IF(C4="","",IFERROR(VLOOKUP(C4,SETUP!$A$9:$D$24,2,0),"⚠ Check SETUP")) -> 1595 | W4: =IF(C4="","",IFERROR(VLOOKUP(C4,SETUP!$A$9:$D$24,3,0),"⚠ Check SETUP")) -> 1806 | X4: =IF(C4="","",IFERROR(VLOOKUP(C4,SETUP!$A$9:$D$24,4,0),"⚠ Check SETUP")) -> Under | Y4: =IF(OR(I4="",M4=""),"",(M4-I4)/I4) -> 0.020971302 | Z4: =IF(OR(I4="",N4=""),"",(N4-I4)/I4) -> 0.03200883 | AA4: =IF(OR(I4="",O4=""),"",(O4-I4)/I4) -> 0.051324503 | AB4: =IF(OR(Q4="",S4<>"",P4="",I4=""),"",IF(P4="Investor Override",IF(L4="","",(L4-I4)/I4),IF(P4="Offer 1",IF(M4="","",(M4-I4)/I4),IF(P4="Offer 2",IF(N4="","",(N4-I4)/I4),IF(P4="Offer 3",IF(O4="","",(O4-I4)/I4),""))))) -> 0.0016556291
A5: Heaney, Colin | B5: 2-2309 | C5: C1 | D5: 46121 | E5: =IF(D5="","",D5-90) -> 46031 | F5: =IF(D5="","",D5-60) -> 46061 | G5: =IF(D5="","",D5-30) -> 46091 | H5: 2250 | I5: 2250 | J5: =IF(I5="","",IF(ABS(N5-W5)<=ABS(M5-W5),IF(ABS(N5-W5)<=ABS(O5-W5),"Offer 2","Offer 3"),IF(ABS(M5-W5)<=ABS(O5-W5),"Offer 1","Offer 3"))) -> Offer 3 | K5: 0.016 | L5: =IF(OR(I5="",K5=""),"",CEILING(I5*(1+K5),5)) -> 2290 | M5: =IF(I5="","",IF(X5="Under",CEILING(MAX(I5*1.02,MIN(V5,W5)*0.95),5),CEILING(MAX(I5*1.03,MIN(V5,W5)*0.97),5))) -> 2295 | N5: =IF(I5="","",IF(X5="Under",CEILING(MAX(I5*1.03,(V5+W5)/2*0.96),5),CEILING(MAX(I5*1.05,(V5+W5)/2*0.98),5))) -> 2320 | O5: =IF(I5="","",IF(X5="Under",CEILING(MAX(I5*1.05,MIN(V5,W5*1.01)),5),CEILING(MAX(I5*1.08,MIN(V5,W5*1.02)),5))) -> 2385 | P5: Investor Override | Q5: 46055 | T5: (315) 935-3708 | U5: 15 months / 2% increase / $500 concession | V5: =IF(C5="","",IFERROR(VLOOKUP(C5,SETUP!$A$9:$D$24,2,0),"⚠ Check SETUP")) -> 2406 | W5: =IF(C5="","",IFERROR(VLOOKUP(C5,SETUP!$A$9:$D$24,3,0),"⚠ Check SETUP")) -> 2361 | X5: =IF(C5="","",IFERROR(VLOOKUP(C5,SETUP!$A$9:$D$24,4,0),"⚠ Check SETUP")) -> Under | Y5: =IF(OR(I5="",M5=""),"",(M5-I5)/I5) -> 0.02 | Z5: =IF(OR(I5="",N5=""),"",(N5-I5)/I5) -> 0.031111111 | AA5: =IF(OR(I5="",O5=""),"",(O5-I5)/I5) -> 0.06 | AB5: =IF(OR(Q5="",S5<>"",P5="",I5=""),"",IF(P5="Investor Override",IF(L5="","",(L5-I5)/I5),IF(P5="Offer 1",IF(M5="","",(M5-I5)/I5),IF(P5="Offer 2",IF(N5="","",(N5-I5)/I5),IF(P5="Offer 3",IF(O5="","",(O5-I5)/I5),""))))) -> 0.017777778
A6: Taylor, Jaquez | B6: 3-3307 | C6: A5 | D6: 46125 | E6: =IF(D6="","",D6-90) -> 46035 | F6: =IF(D6="","",D6-60) -> 46065 | G6: =IF(D6="","",D6-30) -> 46095 | H6: 1427 | I6: 1427 | J6: =IF(I6="","",IF(ABS(N6-W6)<=ABS(M6-W6),IF(ABS(N6-W6)<=ABS(O6-W6),"Offer 2","Offer 3"),IF(ABS(M6-W6)<=ABS(O6-W6),"Offer 1","Offer 3"))) -> Offer 2 | K6: 0.017 | L6: =IF(OR(I6="",K6=""),"",CEILING(I6*(1+K6),5)) -> 1455 | M6: =IF(I6="","",IF(X6="Under",CEILING(MAX(I6*1.02,MIN(V6,W6)*0.95),5),CEILING(MAX(I6*1.03,MIN(V6,W6)*0.97),5))) -> 1485 | N6: =IF(I6="","",IF(X6="Under",CEILING(MAX(I6*1.03,(V6+W6)/2*0.96),5),CEILING(MAX(I6*1.05,(V6+W6)/2*0.98),5))) -> 1575 | O6: =IF(I6="","",IF(X6="Under",CEILING(MAX(I6*1.05,MIN(V6,W6*1.01)),5),CEILING(MAX(I6*1.08,MIN(V6,W6*1.02)),5))) -> 1580 | P6: Investor Override | Q6: 46070 | T6: (904) 666-0714 | U6: 12 months / 2% increase / $250 concession | V6: =IF(C6="","",IFERROR(VLOOKUP(C6,SETUP!$A$9:$D$24,2,0),"⚠ Check SETUP")) -> 1719 | W6: =IF(C6="","",IFERROR(VLOOKUP(C6,SETUP!$A$9:$D$24,3,0),"⚠ Check SETUP")) -> 1561 | X6: =IF(C6="","",IFERROR(VLOOKUP(C6,SETUP!$A$9:$D$24,4,0),"⚠ Check SETUP")) -> Under | Y6: =IF(OR(I6="",M6=""),"",(M6-I6)/I6) -> 0.040644709 | Z6: =IF(OR(I6="",N6=""),"",(N6-I6)/I6) -> 0.10371409 | AA6: =IF(OR(I6="",O6=""),"",(O6-I6)/I6) -> 0.10721794 | AB6: =IF(OR(Q6="",S6<>"",P6="",I6=""),"",IF(P6="Investor Override",IF(L6="","",(L6-I6)/I6),IF(P6="Offer 1",IF(M6="","",(M6-I6)/I6),IF(P6="Offer 2",IF(N6="","",(N6-I6)/I6),IF(P6="Offer 3",IF(O6="","",(O6-I6)/I6),""))))) -> 0.019621584
A7: Beren, Theresa | B7: 1-1403 | C7: A4 | D7: 46126 | E7: =IF(D7="","",D7-90) -> 46036 | F7: =IF(D7="","",D7-60) -> 46066 | G7: =IF(D7="","",D7-30) -> 46096 | H7: 0 | I7: 1513 | J7: =IF(I7="","",IF(ABS(N7-W7)<=ABS(M7-W7),IF(ABS(N7-W7)<=ABS(O7-W7),"Offer 2","Offer 3"),IF(ABS(M7-W7)<=ABS(O7-W7),"Offer 1","Offer 3"))) -> Offer 1 | K7: 0 | L7: =IF(OR(I7="",K7=""),"",CEILING(I7*(1+K7),5)) -> 1515 | M7: =IF(I7="","",IF(X7="Under",CEILING(MAX(I7*1.02,MIN(V7,W7)*0.95),5),CEILING(MAX(I7*1.03,MIN(V7,W7)*0.97),5))) -> 1560 | N7: =IF(I7="","",IF(X7="Under",CEILING(MAX(I7*1.03,(V7+W7)/2*0.96),5),CEILING(MAX(I7*1.05,(V7+W7)/2*0.98),5))) -> 1590 | O7: =IF(I7="","",IF(X7="Under",CEILING(MAX(I7*1.05,MIN(V7,W7*1.01)),5),CEILING(MAX(I7*1.08,MIN(V7,W7*1.02)),5))) -> 1635 | P7: Investor Override | Q7: 46051 | T7: (321) 514-5112 | U7: 12 months / 0% increase / $500 concession | V7: =IF(C7="","",IFERROR(VLOOKUP(C7,SETUP!$A$9:$D$24,2,0),"⚠ Check SETUP")) -> 1421 | W7: =IF(C7="","",IFERROR(VLOOKUP(C7,SETUP!$A$9:$D$24,3,0),"⚠ Check SETUP")) -> 1424 | X7: =IF(C7="","",IFERROR(VLOOKUP(C7,SETUP!$A$9:$D$24,4,0),"⚠ Check SETUP")) -> Over | Y7: =IF(OR(I7="",M7=""),"",(M7-I7)/I7) -> 0.031064111 | Z7: =IF(OR(I7="",N7=""),"",(N7-I7)/I7) -> 0.050892267 | AA7: =IF(OR(I7="",O7=""),"",(O7-I7)/I7) -> 0.080634501 | AB7: =IF(OR(Q7="",S7<>"",P7="",I7=""),"",IF(P7="Investor Override",IF(L7="","",(L7-I7)/I7),IF(P7="Offer 1",IF(M7="","",(M7-I7)/I7),IF(P7="Offer 2",IF(N7="","",(N7-I7)/I7),IF(P7="Offer 3",IF(O7="","",(O7-I7)/I7),""))))) -> 0.0013218771
A8: Lee, Aspen | B8: 3-3115 | C8: A1 | D8: 46126 | E8: =IF(D8="","",D8-90) -> 46036 | F8: =IF(D8="","",D8-60) -> 46066 | G8: =IF(D8="","",D8-30) -> 46096 | H8: 0 | I8: 1498 | J8: =IF(I8="","",IF(ABS(N8-W8)<=ABS(M8-W8),IF(ABS(N8-W8)<=ABS(O8-W8),"Offer 2","Offer 3"),IF(ABS(M8-W8)<=ABS(O8-W8),"Offer 1","Offer 3"))) -> Offer 1 | K8: 0.012 | L8: =IF(OR(I8="",K8=""),"",CEILING(I8*(1+K8),5)) -> 1520 | M8: =IF(I8="","",IF(X8="Under",CEILING(MAX(I8*1.02,MIN(V8,W8)*0.95),5),CEILING(MAX(I8*1.03,MIN(V8,W8)*0.97),5))) -> 1530 | N8: =IF(I8="","",IF(X8="Under",CEILING(MAX(I8*1.03,(V8+W8)/2*0.96),5),CEILING(MAX(I8*1.05,(V8+W8)/2*0.98),5))) -> 1545 | O8: =IF(I8="","",IF(X8="Under",CEILING(MAX(I8*1.05,MIN(V8,W8*1.01)),5),CEILING(MAX(I8*1.08,MIN(V8,W8*1.02)),5))) -> 1575 | S8: 46058 | T8: (904) 837-6446 | U8: Relocating | V8: =IF(C8="","",IFERROR(VLOOKUP(C8,SETUP!$A$9:$D$24,2,0),"⚠ Check SETUP")) -> 1595 | W8: =IF(C8="","",IFERROR(VLOOKUP(C8,SETUP!$A$9:$D$24,3,0),"⚠ Check SETUP")) -> 1504 | X8: =IF(C8="","",IFERROR(VLOOKUP(C8,SETUP!$A$9:$D$24,4,0),"⚠ Check SETUP")) -> Under | Y8: =IF(OR(I8="",M8=""),"",(M8-I8)/I8) -> 0.021361816 | Z8: =IF(OR(I8="",N8=""),"",(N8-I8)/I8) -> 0.031375167 | AA8: =IF(OR(I8="",O8=""),"",(O8-I8)/I8) -> 0.051401869 | AB8: =IF(OR(Q8="",S8<>"",P8="",I8=""),"",IF(P8="Investor Override",IF(L8="","",(L8-I8)/I8),IF(P8="Offer 1",IF(M8="","",(M8-I8)/I8),IF(P8="Offer 2",IF(N8="","",(N8-I8)/I8),IF(P8="Offer 3",IF(O8="","",(O8-I8)/I8),"")))))
A9: Anderson, Lilah | B9: 1-1113 | C9: A3 | D9: 46126 | E9: =IF(D9="","",D9-90) -> 46036 | F9: =IF(D9="","",D9-60) -> 46066 | G9: =IF(D9="","",D9-30) -> 46096 | H9: 0 | I9: 1822 | J9: =IF(I9="","",IF(ABS(N9-W9)<=ABS(M9-W9),IF(ABS(N9-W9)<=ABS(O9-W9),"Offer 2","Offer 3"),IF(ABS(M9-W9)<=ABS(O9-W9),"Offer 1","Offer 3"))) -> Offer 1 | K9: 0 | L9: =IF(OR(I9="",K9=""),"",CEILING(I9*(1+K9),5)) -> 1825 | M9: =IF(I9="","",IF(X9="Under",CEILING(MAX(I9*1.02,MIN(V9,W9)*0.95),5),CEILING(MAX(I9*1.03,MIN(V9,W9)*0.97),5))) -> 1860 | N9: =IF(I9="","",IF(X9="Under",CEILING(MAX(I9*1.03,(V9+W9)/2*0.96),5),CEILING(MAX(I9*1.05,(V9+W9)/2*0.98),5))) -> 1880 | O9: =IF(I9="","",IF(X9="Under",CEILING(MAX(I9*1.05,MIN(V9,W9*1.01)),5),CEILING(MAX(I9*1.08,MIN(V9,W9*1.02)),5))) -> 1915 | S9: 46071 | T9: (708) 557-3795 | U9: Relocating to Japan where spouse is stationed | V9: =IF(C9="","",IFERROR(VLOOKUP(C9,SETUP!$A$9:$D$24,2,0),"⚠ Check SETUP")) -> 1878 | W9: =IF(C9="","",IFERROR(VLOOKUP(C9,SETUP!$A$9:$D$24,3,0),"⚠ Check SETUP")) -> 1727 | X9: =IF(C9="","",IFERROR(VLOOKUP(C9,SETUP!$A$9:$D$24,4,0),"⚠ Check SETUP")) -> Under | Y9: =IF(OR(I9="",M9=""),"",(M9-I9)/I9) -> 0.020856202 | Z9: =IF(OR(I9="",N9=""),"",(N9-I9)/I9) -> 0.03183315 | AA9: =IF(OR(I9="",O9=""),"",(O9-I9)/I9) -> 0.05104281 | AB9: =IF(OR(Q9="",S9<>"",P9="",I9=""),"",IF(P9="Investor Override",IF(L9="","",(L9-I9)/I9),IF(P9="Offer 1",IF(M9="","",(M9-I9)/I9),IF(P9="Offer 2",IF(N9="","",(N9-I9)/I9),IF(P9="Offer 3",IF(O9="","",(O9-I9)/I9),"")))))
A10: St Louis, Sarah | B10: 3-3320 | C10: B3 | D10: 46128 | E10: =IF(D10="","",D10-90) -> 46038 | F10: =IF(D10="","",D10-60) -> 46068 | G10: =IF(D10="","",D10-30) -> 46098 | H10: 0 | I10: 1836 | J10: =IF(I10="","",IF(ABS(N10-W10)<=ABS(M10-W10),IF(ABS(N10-W10)<=ABS(O10-W10),"Offer 2","Offer 3"),IF(ABS(M10-W10)<=ABS(O10-W10),"Offer 1","Offer 3"))) -> Offer 3 | K10: 0.002 | L10: =IF(OR(I10="",K10=""),"",CEILING(I10*(1+K10),5)) -> 1840 | M10: =IF(I10="","",IF(X10="Under",CEILING(MAX(I10*1.02,MIN(V10,W10)*0.95),5),CEILING(MAX(I10*1.03,MIN(V10,W10)*0.97),5))) -> 1875 | N10: =IF(I10="","",IF(X10="Under",CEILING(MAX(I10*1.03,(V10+W10)/2*0.96),5),CEILING(MAX(I10*1.05,(V10+W10)/2*0.98),5))) -> 1895 | O10: =IF(I10="","",IF(X10="Under",CEILING(MAX(I10*1.05,MIN(V10,W10*1.01)),5),CEILING(MAX(I10*1.08,MIN(V10,W10*1.02)),5))) -> 1930 | P10: Investor Override | Q10: 46101 | T10: (904) 662-2943 | U10: 15 months / 1% increase / No concession | V10: =IF(C10="","",IFERROR(VLOOKUP(C10,SETUP!$A$9:$D$24,2,0),"⚠ Check SETUP")) -> 1880 | W10: =IF(C10="","",IFERROR(VLOOKUP(C10,SETUP!$A$9:$D$24,3,0),"⚠ Check SETUP")) -> 1976 | X10: =IF(C10="","",IFERROR(VLOOKUP(C10,SETUP!$A$9:$D$24,4,0),"⚠ Check SETUP")) -> Under | Y10: =IF(OR(I10="",M10=""),"",(M10-I10)/I10) -> 0.02124183 | Z10: =IF(OR(I10="",N10=""),"",(N10-I10)/I10) -> 0.032135076 | AA10: =IF(OR(I10="",O10=""),"",(O10-I10)/I10) -> 0.051198257 | AB10: =IF(OR(Q10="",S10<>"",P10="",I10=""),"",IF(P10="Investor Override",IF(L10="","",(L10-I10)/I10),IF(P10="Offer 1",IF(M10="","",(M10-I10)/I10),IF(P10="Offer 2",IF(N10="","",(N10-I10)/I10),IF(P10="Offer 3",IF(O10="","",(O10-I10)/I10),""))))) -> 0.0021786492
A11: Johnson, Toby | B11: 2-2411 | C11: B1 | D11: 46128 | E11: =IF(D11="","",D11-90) -> 46038 | F11: =IF(D11="","",D11-60) -> 46068 | G11: =IF(D11="","",D11-30) -> 46098 | H11: 1843 | I11: 1843 | J11: =IF(I11="","",IF(ABS(N11-W11)<=ABS(M11-W11),IF(ABS(N11-W11)<=ABS(O11-W11),"Offer 2","Offer 3"),IF(ABS(M11-W11)<=ABS(O11-W11),"Offer 1","Offer 3"))) -> Offer 1 | K11: 0 | L11: =IF(OR(I11="",K11=""),"",CEILING(I11*(1+K11),5)) -> 1845 | M11: =IF(I11="","",IF(X11="Under",CEILING(MAX(I11*1.02,MIN(V11,W11)*0.95),5),CEILING(MAX(I11*1.03,MIN(V11,W11)*0.97),5))) -> 1880 | N11: =IF(I11="","",IF(X11="Under",CEILING(MAX(I11*1.03,(V11+W11)/2*0.96),5),CEILING(MAX(I11*1.05,(V11+W11)/2*0.98),5))) -> 1900 | O11: =IF(I11="","",IF(X11="Under",CEILING(MAX(I11*1.05,MIN(V11,W11*1.01)),5),CEILING(MAX(I11*1.08,MIN(V11,W11*1.02)),5))) -> 1940 | P11: Investor Override | Q11: 46071 | T11: (954) 793-7114 | U11: 15 months / 0% increase / $500 concession | V11: =IF(C11="","",IFERROR(VLOOKUP(C11,SETUP!$A$9:$D$24,2,0),"⚠ Check SETUP")) -> 1809 | W11: =IF(C11="","",IFERROR(VLOOKUP(C11,SETUP!$A$9:$D$24,3,0),"⚠ Check SETUP")) -> 1764 | X11: =IF(C11="","",IFERROR(VLOOKUP(C11,SETUP!$A$9:$D$24,4,0),"⚠ Check SETUP")) -> Under | Y11: =IF(OR(I11="",M11=""),"",(M11-I11)/I11) -> 0.020075963 | Z11: =IF(OR(I11="",N11=""),"",(N11-I11)/I11) -> 0.030927835 | AA11: =IF(OR(I11="",O11=""),"",(O11-I11)/I11) -> 0.052631579 | AB11: =IF(OR(Q11="",S11<>"",P11="",I11=""),"",IF(P11="Investor Override",IF(L11="","",(L11-I11)/I11),IF(P11="Offer 1",IF(M11="","",(M11-I11)/I11),IF(P11="Offer 2",IF(N11="","",(N11-I11)/I11),IF(P11="Offer 3",IF(O11="","",(O11-I11)/I11),""))))) -> 0.0010851872
A12: Johnson, Alysa | B12: 1-1336 | C12: B1 | D12: 46132 | E12: =IF(D12="","",D12-90) -> 46042 | F12: =IF(D12="","",D12-60) -> 46072 | G12: =IF(D12="","",D12-30) -> 46102 | H12: 1803 | I12: 1803 | J12: =IF(I12="","",IF(ABS(N12-W12)<=ABS(M12-W12),IF(ABS(N12-W12)<=ABS(O12-W12),"Offer 2","Offer 3"),IF(ABS(M12-W12)<=ABS(O12-W12),"Offer 1","Offer 3"))) -> Offer 1 | K12: 0 | L12: =IF(OR(I12="",K12=""),"",CEILING(I12*(1+K12),5)) -> 1805 | M12: =IF(I12="","",IF(X12="Under",CEILING(MAX(I12*1.02,MIN(V12,W12)*0.95),5),CEILING(MAX(I12*1.03,MIN(V12,W12)*0.97),5))) -> 1840 | N12: =IF(I12="","",IF(X12="Under",CEILING(MAX(I12*1.03,(V12+W12)/2*0.96),5),CEILING(MAX(I12*1.05,(V12+W12)/2*0.98),5))) -> 1860 | O12: =IF(I12="","",IF(X12="Under",CEILING(MAX(I12*1.05,MIN(V12,W12*1.01)),5),CEILING(MAX(I12*1.08,MIN(V12,W12*1.02)),5))) -> 1895 | R12: 46077 | T12: (904) 753-8047 | U12: Larger apartment | V12: =IF(C12="","",IFERROR(VLOOKUP(C12,SETUP!$A$9:$D$24,2,0),"⚠ Check SETUP")) -> 1809 | W12: =IF(C12="","",IFERROR(VLOOKUP(C12,SETUP!$A$9:$D$24,3,0),"⚠ Check SETUP")) -> 1764 | X12: =IF(C12="","",IFERROR(VLOOKUP(C12,SETUP!$A$9:$D$24,4,0),"⚠ Check SETUP")) -> Under | Y12: =IF(OR(I12="",M12=""),"",(M12-I12)/I12) -> 0.020521353 | Z12: =IF(OR(I12="",N12=""),"",(N12-I12)/I12) -> 0.031613977 | AA12: =IF(OR(I12="",O12=""),"",(O12-I12)/I12) -> 0.051026068 | AB12: =IF(OR(Q12="",S12<>"",P12="",I12=""),"",IF(P12="Investor Override",IF(L12="","",(L12-I12)/I12),IF(P12="Offer 1",IF(M12="","",(M12-I12)/I12),IF(P12="Offer 2",IF(N12="","",(N12-I12)/I12),IF(P12="Offer 3",IF(O12="","",(O12-I12)/I12),"")))))
A13: Tumu, Saranya | B13: 1-1327 | C13: A4 | D13: 46133 | E13: =IF(D13="","",D13-90) -> 46043 | F13: =IF(D13="","",D13-60) -> 46073 | G13: =IF(D13="","",D13-30) -> 46103 | H13: 1439 | I13: 1439 | J13: =IF(I13="","",IF(ABS(N13-W13)<=ABS(M13-W13),IF(ABS(N13-W13)<=ABS(O13-W13),"Offer 2","Offer 3"),IF(ABS(M13-W13)<=ABS(O13-W13),"Offer 1","Offer 3"))) -> Offer 1 | K13: 0 | L13: =IF(OR(I13="",K13=""),"",CEILING(I13*(1+K13),5)) -> 1440 | M13: =IF(I13="","",IF(X13="Under",CEILING(MAX(I13*1.02,MIN(V13,W13)*0.95),5),CEILING(MAX(I13*1.03,MIN(V13,W13)*0.97),5))) -> 1485 | N13: =IF(I13="","",IF(X13="Under",CEILING(MAX(I13*1.03,(V13+W13)/2*0.96),5),CEILING(MAX(I13*1.05,(V13+W13)/2*0.98),5))) -> 1515 | O13: =IF(I13="","",IF(X13="Under",CEILING(MAX(I13*1.05,MIN(V13,W13*1.01)),5),CEILING(MAX(I13*1.08,MIN(V13,W13*1.02)),5))) -> 1555 | P13: Investor Override | Q13: 46073 | T13: (732) 487-0507 | U13: 12 months / 0% increase / $750 concession | V13: =IF(C13="","",IFERROR(VLOOKUP(C13,SETUP!$A$9:$D$24,2,0),"⚠ Check SETUP")) -> 1421 | W13: =IF(C13="","",IFERROR(VLOOKUP(C13,SETUP!$A$9:$D$24,3,0),"⚠ Check SETUP")) -> 1424 | X13: =IF(C13="","",IFERROR(VLOOKUP(C13,SETUP!$A$9:$D$24,4,0),"⚠ Check SETUP")) -> Over | Y13: =IF(OR(I13="",M13=""),"",(M13-I13)/I13) -> 0.031966644 | Z13: =IF(OR(I13="",N13=""),"",(N13-I13)/I13) -> 0.052814454 | AA13: =IF(OR(I13="",O13=""),"",(O13-I13)/I13) -> 0.080611536 | AB13: =IF(OR(Q13="",S13<>"",P13="",I13=""),"",IF(P13="Investor Override",IF(L13="","",(L13-I13)/I13),IF(P13="Offer 1",IF(M13="","",(M13-I13)/I13),IF(P13="Offer 2",IF(N13="","",(N13-I13)/I13),IF(P13="Offer 3",IF(O13="","",(O13-I13)/I13),""))))) -> 0.00069492703
A14: Lin, Jason | B14: 1-1303 | C14: A4 | D14: 46135 | E14: =IF(D14="","",D14-90) -> 46045 | F14: =IF(D14="","",D14-60) -> 46075 | G14: =IF(D14="","",D14-30) -> 46105 | H14: 0 | I14: 1444 | J14: =IF(I14="","",IF(ABS(N14-W14)<=ABS(M14-W14),IF(ABS(N14-W14)<=ABS(O14-W14),"Offer 2","Offer 3"),IF(ABS(M14-W14)<=ABS(O14-W14),"Offer 1","Offer 3"))) -> Offer 1 | K14: 0 | L14: 1444 | M14: =IF(I14="","",IF(X14="Under",CEILING(MAX(I14*1.02,MIN(V14,W14)*0.95),5),CEILING(MAX(I14*1.03,MIN(V14,W14)*0.97),5))) -> 1490 | N14: =IF(I14="","",IF(X14="Under",CEILING(MAX(I14*1.03,(V14+W14)/2*0.96),5),CEILING(MAX(I14*1.05,(V14+W14)/2*0.98),5))) -> 1520 | O14: =IF(I14="","",IF(X14="Under",CEILING(MAX(I14*1.05,MIN(V14,W14*1.01)),5),CEILING(MAX(I14*1.08,MIN(V14,W14*1.02)),5))) -> 1560 | P14: Investor Override | Q14: 46125 | T14: (917) 518-3881 | U14: 12 months / 0% increase / Two months free | V14: =IF(C14="","",IFERROR(VLOOKUP(C14,SETUP!$A$9:$D$24,2,0),"⚠ Check SETUP")) -> 1421 | W14: =IF(C14="","",IFERROR(VLOOKUP(C14,SETUP!$A$9:$D$24,3,0),"⚠ Check SETUP")) -> 1424 | X14: =IF(C14="","",IFERROR(VLOOKUP(C14,SETUP!$A$9:$D$24,4,0),"⚠ Check SETUP")) -> Over | Y14: =IF(OR(I14="",M14=""),"",(M14-I14)/I14) -> 0.031855956 | Z14: =IF(OR(I14="",N14=""),"",(N14-I14)/I14) -> 0.052631579 | AA14: =IF(OR(I14="",O14=""),"",(O14-I14)/I14) -> 0.08033241 | AB14: =IF(OR(Q14="",S14<>"",P14="",I14=""),"",IF(P14="Investor Override",IF(L14="","",(L14-I14)/I14),IF(P14="Offer 1",IF(M14="","",(M14-I14)/I14),IF(P14="Offer 2",IF(N14="","",(N14-I14)/I14),IF(P14="Offer 3",IF(O14="","",(O14-I14)/I14),""))))) -> 0
A15: Naylor, Kyleigh | B15: 1-1209 | C15: S2 | D15: 46137 | E15: =IF(D15="","",D15-90) -> 46047 | F15: =IF(D15="","",D15-60) -> 46077 | G15: =IF(D15="","",D15-30) -> 46107 | H15: 500 | I15: 1329 | J15: =IF(I15="","",IF(ABS(N15-W15)<=ABS(M15-W15),IF(ABS(N15-W15)<=ABS(O15-W15),"Offer 2","Offer 3"),IF(ABS(M15-W15)<=ABS(O15-W15),"Offer 1","Offer 3"))) -> Offer 1 | K15: 0 | L15: =IF(OR(I15="",K15=""),"",CEILING(I15*(1+K15),5)) -> 1330 | M15: =IF(I15="","",IF(X15="Under",CEILING(MAX(I15*1.02,MIN(V15,W15)*0.95),5),CEILING(MAX(I15*1.03,MIN(V15,W15)*0.97),5))) -> 1370 | N15: =IF(I15="","",IF(X15="Under",CEILING(MAX(I15*1.03,(V15+W15)/2*0.96),5),CEILING(MAX(I15*1.05,(V15+W15)/2*0.98),5))) -> 1400 | O15: =IF(I15="","",IF(X15="Under",CEILING(MAX(I15*1.05,MIN(V15,W15*1.01)),5),CEILING(MAX(I15*1.08,MIN(V15,W15*1.02)),5))) -> 1440 | P15: Investor Override | Q15: 46071 | T15: (804) 847-8476 | U15: 12 months / 0% increase / $250 concession | V15: =IF(C15="","",IFERROR(VLOOKUP(C15,SETUP!$A$9:$D$24,2,0),"⚠ Check SETUP")) -> 1301 | W15: =IF(C15="","",IFERROR(VLOOKUP(C15,SETUP!$A$9:$D$24,3,0),"⚠ Check SETUP")) -> 1298 | X15: =IF(C15="","",IFERROR(VLOOKUP(C15,SETUP!$A$9:$D$24,4,0),"⚠ Check SETUP")) -> Over | Y15: =IF(OR(I15="",M15=""),"",(M15-I15)/I15) -> 0.030850263 | Z15: =IF(OR(I15="",N15=""),"",(N15-I15)/I15) -> 0.053423627 | AA15: =IF(OR(I15="",O15=""),"",(O15-I15)/I15) -> 0.083521445 | AB15: =IF(OR(Q15="",S15<>"",P15="",I15=""),"",IF(P15="Investor Override",IF(L15="","",(L15-I15)/I15),IF(P15="Offer 1",IF(M15="","",(M15-I15)/I15),IF(P15="Offer 2",IF(N15="","",(N15-I15)/I15),IF(P15="Offer 3",IF(O15="","",(O15-I15)/I15),""))))) -> 0.00075244545
A16: Gallagher, Brittany | B16: 1-1331 | C16: B8 | D16: 46139 | E16: =IF(D16="","",D16-90) -> 46049 | F16: =IF(D16="","",D16-60) -> 46079 | G16: =IF(D16="","",D16-30) -> 46109 | H16: 0 | I16: 2216 | J16: =IF(I16="","",IF(ABS(N16-W16)<=ABS(M16-W16),IF(ABS(N16-W16)<=ABS(O16-W16),"Offer 2","Offer 3"),IF(ABS(M16-W16)<=ABS(O16-W16),"Offer 1","Offer 3"))) -> Offer 1 | K16: 0 | L16: =IF(OR(I16="",K16=""),"",CEILING(I16*(1+K16),5)) -> 2220 | M16: =IF(I16="","",IF(X16="Under",CEILING(MAX(I16*1.02,MIN(V16,W16)*0.95),5),CEILING(MAX(I16*1.03,MIN(V16,W16)*0.97),5))) -> 2285 | N16: =IF(I16="","",IF(X16="Under",CEILING(MAX(I16*1.03,(V16+W16)/2*0.96),5),CEILING(MAX(I16*1.05,(V16+W16)/2*0.98),5))) -> 2330 | O16: =IF(I16="","",IF(X16="Under",CEILING(MAX(I16*1.05,MIN(V16,W16*1.01)),5),CEILING(MAX(I16*1.08,MIN(V16,W16*1.02)),5))) -> 2395 | P16: Investor Override | Q16: 46071 | T16: (410) 935-6764 | U16: 15 months / 0% increase / $500 concession | V16: =IF(C16="","",IFERROR(VLOOKUP(C16,SETUP!$A$9:$D$24,2,0),"⚠ Check SETUP")) -> 1969 | W16: =IF(C16="","",IFERROR(VLOOKUP(C16,SETUP!$A$9:$D$24,3,0),"⚠ Check SETUP")) -> 1617 | X16: =IF(C16="","",IFERROR(VLOOKUP(C16,SETUP!$A$9:$D$24,4,0),"⚠ Check SETUP")) -> Over | Y16: =IF(OR(I16="",M16=""),"",(M16-I16)/I16) -> 0.031137184 | Z16: =IF(OR(I16="",N16=""),"",(N16-I16)/I16) -> 0.051444043 | AA16: =IF(OR(I16="",O16=""),"",(O16-I16)/I16) -> 0.080776173 | AB16: =IF(OR(Q16="",S16<>"",P16="",I16=""),"",IF(P16="Investor Override",IF(L16="","",(L16-I16)/I16),IF(P16="Offer 1",IF(M16="","",(M16-I16)/I16),IF(P16="Offer 2",IF(N16="","",(N16-I16)/I16),IF(P16="Offer 3",IF(O16="","",(O16-I16)/I16),""))))) -> 0.0018050542
A17: Gonzalez, Roger | B17: 3-3211 | C17: A1 | D17: 46140 | E17: =IF(D17="","",D17-90) -> 46050 | F17: =IF(D17="","",D17-60) -> 46080 | G17: =IF(D17="","",D17-30) -> 46110 | H17: 0 | I17: 1469 | J17: =IF(I17="","",IF(ABS(N17-W17)<=ABS(M17-W17),IF(ABS(N17-W17)<=ABS(O17-W17),"Offer 2","Offer 3"),IF(ABS(M17-W17)<=ABS(O17-W17),"Offer 1","Offer 3"))) -> Offer 1 | K17: 0 | L17: =IF(OR(I17="",K17=""),"",CEILING(I17*(1+K17),5)) -> 1470 | M17: =IF(I17="","",IF(X17="Under",CEILING(MAX(I17*1.02,MIN(V17,W17)*0.95),5),CEILING(MAX(I17*1.03,MIN(V17,W17)*0.97),5))) -> 1500 | N17: =IF(I17="","",IF(X17="Under",CEILING(MAX(I17*1.03,(V17+W17)/2*0.96),5),CEILING(MAX(I17*1.05,(V17+W17)/2*0.98),5))) -> 1515 | O17: =IF(I17="","",IF(X17="Under",CEILING(MAX(I17*1.05,MIN(V17,W17*1.01)),5),CEILING(MAX(I17*1.08,MIN(V17,W17*1.02)),5))) -> 1545 | S17: 46076 | T17: (904) 831-7598 | U17: Price/special - two months free elsewhere | V17: =IF(C17="","",IFERROR(VLOOKUP(C17,SETUP!$A$9:$D$24,2,0),"⚠ Check SETUP")) -> 1595 | W17: =IF(C17="","",IFERROR(VLOOKUP(C17,SETUP!$A$9:$D$24,3,0),"⚠ Check SETUP")) -> 1504 | X17: =IF(C17="","",IFERROR(VLOOKUP(C17,SETUP!$A$9:$D$24,4,0),"⚠ Check SETUP")) -> Under | Y17: =IF(OR(I17="",M17=""),"",(M17-I17)/I17) -> 0.021102791 | Z17: =IF(OR(I17="",N17=""),"",(N17-I17)/I17) -> 0.031313819 | AA17: =IF(OR(I17="",O17=""),"",(O17-I17)/I17) -> 0.051735875 | AB17: =IF(OR(Q17="",S17<>"",P17="",I17=""),"",IF(P17="Investor Override",IF(L17="","",(L17-I17)/I17),IF(P17="Offer 1",IF(M17="","",(M17-I17)/I17),IF(P17="Offer 2",IF(N17="","",(N17-I17)/I17),IF(P17="Offer 3",IF(O17="","",(O17-I17)/I17),"")))))
A18: Wade, DeVonte | B18: 1-1109 | C18: S2 | D18: 46140 | E18: =IF(D18="","",D18-90) -> 46050 | F18: =IF(D18="","",D18-60) -> 46080 | G18: =IF(D18="","",D18-30) -> 46110 | H18: 500 | I18: 1337 | J18: =IF(I18="","",IF(ABS(N18-W18)<=ABS(M18-W18),IF(ABS(N18-W18)<=ABS(O18-W18),"Offer 2","Offer 3"),IF(ABS(M18-W18)<=ABS(O18-W18),"Offer 1","Offer 3"))) -> Offer 1 | K18: 0 | L18: =IF(OR(I18="",K18=""),"",CEILING(I18*(1+K18),5)) -> 1340 | M18: =IF(I18="","",IF(X18="Under",CEILING(MAX(I18*1.02,MIN(V18,W18)*0.95),5),CEILING(MAX(I18*1.03,MIN(V18,W18)*0.97),5))) -> 1380 | N18: =IF(I18="","",IF(X18="Under",CEILING(MAX(I18*1.03,(V18+W18)/2*0.96),5),CEILING(MAX(I18*1.05,(V18+W18)/2*0.98),5))) -> 1405 | O18: =IF(I18="","",IF(X18="Under",CEILING(MAX(I18*1.05,MIN(V18,W18*1.01)),5),CEILING(MAX(I18*1.08,MIN(V18,W18*1.02)),5))) -> 1445 | S18: 46055 | T18: (941) 264-3162 | U18: Unhappy with site management | V18: =IF(C18="","",IFERROR(VLOOKUP(C18,SETUP!$A$9:$D$24,2,0),"⚠ Check SETUP")) -> 1301 | W18: =IF(C18="","",IFERROR(VLOOKUP(C18,SETUP!$A$9:$D$24,3,0),"⚠ Check SETUP")) -> 1298 | X18: =IF(C18="","",IFERROR(VLOOKUP(C18,SETUP!$A$9:$D$24,4,0),"⚠ Check SETUP")) -> Over | Y18: =IF(OR(I18="",M18=""),"",(M18-I18)/I18) -> 0.032161556 | Z18: =IF(OR(I18="",N18=""),"",(N18-I18)/I18) -> 0.050860135 | AA18: =IF(OR(I18="",O18=""),"",(O18-I18)/I18) -> 0.080777861 | AB18: =IF(OR(Q18="",S18<>"",P18="",I18=""),"",IF(P18="Investor Override",IF(L18="","",(L18-I18)/I18),IF(P18="Offer 1",IF(M18="","",(M18-I18)/I18),IF(P18="Offer 2",IF(N18="","",(N18-I18)/I18),IF(P18="Offer 3",IF(O18="","",(O18-I18)/I18),"")))))
A19: Ricks, Tamara | B19: 1-1239 | C19: B3 | D19: 46142 | E19: =IF(D19="","",D19-90) -> 46052 | F19: =IF(D19="","",D19-60) -> 46082 | G19: =IF(D19="","",D19-30) -> 46112 | H19: 1906 | I19: 1906 | J19: =IF(I19="","",IF(ABS(N19-W19)<=ABS(M19-W19),IF(ABS(N19-W19)<=ABS(O19-W19),"Offer 2","Offer 3"),IF(ABS(M19-W19)<=ABS(O19-W19),"Offer 1","Offer 3"))) -> Offer 2 | K19: 0 | L19: =IF(OR(I19="",K19=""),"",CEILING(I19*(1+K19),5)) -> 1910 | M19: =IF(I19="","",IF(X19="Under",CEILING(MAX(I19*1.02,MIN(V19,W19)*0.95),5),CEILING(MAX(I19*1.03,MIN(V19,W19)*0.97),5))) -> 1945 | N19: =IF(I19="","",IF(X19="Under",CEILING(MAX(I19*1.03,(V19+W19)/2*0.96),5),CEILING(MAX(I19*1.05,(V19+W19)/2*0.98),5))) -> 1965 | O19: =IF(I19="","",IF(X19="Under",CEILING(MAX(I19*1.05,MIN(V19,W19*1.01)),5),CEILING(MAX(I19*1.08,MIN(V19,W19*1.02)),5))) -> 2005 | S19: 46066 | T19: (904) 694-8194 | U19: Relocating to be with family in Virginia (unhappy with upstairs neighbor) | V19: =IF(C19="","",IFERROR(VLOOKUP(C19,SETUP!$A$9:$D$24,2,0),"⚠ Check SETUP")) -> 1880 | W19: =IF(C19="","",IFERROR(VLOOKUP(C19,SETUP!$A$9:$D$24,3,0),"⚠ Check SETUP")) -> 1976 | X19: =IF(C19="","",IFERROR(VLOOKUP(C19,SETUP!$A$9:$D$24,4,0),"⚠ Check SETUP")) -> Under | Y19: =IF(OR(I19="",M19=""),"",(M19-I19)/I19) -> 0.0204617 | Z19: =IF(OR(I19="",N19=""),"",(N19-I19)/I19) -> 0.030954879 | AA19: =IF(OR(I19="",O19=""),"",(O19-I19)/I19) -> 0.051941238 | AB19: =IF(OR(Q19="",S19<>"",P19="",I19=""),"",IF(P19="Investor Override",IF(L19="","",(L19-I19)/I19),IF(P19="Offer 1",IF(M19="","",(M19-I19)/I19),IF(P19="Offer 2",IF(N19="","",(N19-I19)/I19),IF(P19="Offer 3",IF(O19="","",(O19-I19)/I19),"")))))
A21: RETENTION ANALYSIS
A22: Metric | B22: Count | C22: % of Expirations | D22: % of Decided | E22: Status
A23: Total Lease Expirations | B23: =COUNTA(A4:A19) -> 16
A24: Renewals Signed | B24: =COUNTA(Q4:Q19) -> 10 | C24: =IFERROR(B24/B23,"-") -> 0.625 | D24: =IFERROR(B24/(B24+B25),"-") -> 0.66666667 | E24: =IF(B23=0,"Awaiting data",IF(B24/B23>=0.6,"On Track ✓","Needs Attention ⚠")) -> On Track ✓
A25: NTV's Received | B25: =COUNTA(S4:S19) -> 5 | C25: =IFERROR(B25/B23,"-") -> 0.3125 | D25: =IFERROR(B25/(B24+B25),"-") -> 0.33333333 | E25: =IF(B23=0,"Awaiting data",IF(B25/B23<=0.2,"Acceptable","High NTV ⚠")) -> High NTV ⚠
A26: Transfers | B26: =COUNTA(R4:R19) -> 1 | C26: =IFERROR(B26/B23,"-") -> 0.0625 | D26: — | E26: Resident retained in portfolio
A27: Pending / Not Yet Decided | B27: =MAX(0,B23-B24-B25-B26) -> 0 | C27: =IFERROR(B27/B23,"-") -> 0 | D27: — | E27: =IF(B27=0,"All accounted for ✓","Follow up needed") -> All accounted for ✓
A29: RETENTION RATE (Renewals ÷ Total Expirations) | C29: =IFERROR(B24/B23,"-") -> 0.625 | D29: =IF(B23=0,"Enter resident data to calculate",IF(B24/B23>=0.6,"✓ Meeting target retention","⚠ Below target — review offers")) -> ✓ Meeting target retention
A30: RETENTION RATE (Renewals ÷ Renewals + NTVs) ← of decided residents | C30: =IFERROR(B24/(B24+B25),"-") -> 0.66666667 | D30: Excludes pending residents — only counts those who have made a decision (renewed or NTV'd)
A33: Legend
A34: Renewed (auto: enter date in Renewal Signed)
A35: Pending Signature (manual: apply yellow fill)
A36: NTV / Notice to Vacate (auto: enter date in NTV Rcv'd)
A37: Transfer (auto: enter date in Transfer)
A38: MTM / Month-to-Month (manual: apply gray fill)

Sheet May 2026
A1: =SETUP!B3&" - "&SETUP!B4&" Renewals" -> RISE Bartram Park - April 2026 Renewals
A2: Name | B2: Unit | C2: Unit Type | D2: Expiration Date | E2: 90-Day Notice | F2: 60-Day Notice | G2: 30-Day Notice | H2: Deposit Held | I2: Current Rate | J2: Recommended Offer | K2: Investor Override % Increase | L2: Investor Override Offer | M2: Offer 1 Conservative | N2: Offer 2 Balanced | O2: Offer 3 Aggressive | P2: Signed Offer | Q2: Renewal Signed | R2: Transfer | S2: NTV Rcv'd | T2: Phone | U2: Notes | V2: Market Rate | W2: Budget | X2: Occupancy (Under/Over) | Y2: Rent Growth Offer 1 | Z2: Rent Growth Offer 2 | AA2: Rent Growth Offer 3 | AB2: Signed Rent Growth
A3: ▼ Enter | B3: ▼ Enter | C3: ▼ Enter | D3: ▼ Enter | E3: ◀ Auto | F3: ◀ Auto | G3: ◀ Auto | H3: ▼ Enter | I3: ▼ Enter | J3: ◀ Auto | K3: ▼ Enter | L3: ◀ Auto | M3: ◀ Auto | N3: ◀ Auto | O3: ◀ Auto | P3: ▼ Select | Q3: ▼ Enter | R3: ▼ Enter | S3: ▼ Enter | T3: ▼ Enter | U3: ▼ Enter | V3: ◀ Auto | W3: ◀ Auto | X3: ◀ Auto | Y3: ◀ Auto | Z3: ◀ Auto | AA3: ◀ Auto | AB3: ◀ Auto
A4: Farraye, Andrew | B4: 1-1411 | C4: B8 | D4: 46145 | E4: =IF(D4="","",D4-90) -> 46055 | F4: =IF(D4="","",D4-60) -> 46085 | G4: =IF(D4="","",D4-30) -> 46115 | H4: 0 | I4: 1937 | J4: =IF(I4="","",IF(ABS(N4-W4)<=ABS(M4-W4),IF(ABS(N4-W4)<=ABS(O4-W4),"Offer 2","Offer 3"),IF(ABS(M4-W4)<=ABS(O4-W4),"Offer 1","Offer 3"))) -> Offer 1 | K4: 0.018 | L4: =IF(OR(I4="",K4=""),"",CEILING(I4*(1+K4),5)) -> 1975 | M4: =IF(I4="","",IF(X4="Under",CEILING(MAX(I4*1.02,MIN(V4,W4)*0.95),5),CEILING(MAX(I4*1.03,MIN(V4,W4)*0.97),5))) -> 2000 | N4: =IF(I4="","",IF(X4="Under",CEILING(MAX(I4*1.03,(V4+W4)/2*0.96),5),CEILING(MAX(I4*1.05,(V4+W4)/2*0.98),5))) -> 2035 | O4: =IF(I4="","",IF(X4="Under",CEILING(MAX(I4*1.05,MIN(V4,W4*1.01)),5),CEILING(MAX(I4*1.08,MIN(V4,W4*1.02)),5))) -> 2095 | P4: Investor Override | Q4: 46091 | T4: (904) 293-6422 | U4: 13 months / 2% increase / $250 concession | V4: =IF(C4="","",IFERROR(VLOOKUP(C4,SETUP!$A$9:$D$24,2,0),"⚠ Check SETUP")) -> 1969 | W4: =IF(C4="","",IFERROR(VLOOKUP(C4,SETUP!$A$9:$D$24,3,0),"⚠ Check SETUP")) -> 1617 | X4: =IF(C4="","",IFERROR(VLOOKUP(C4,SETUP!$A$9:$D$24,4,0),"⚠ Check SETUP")) -> Over | Y4: =IF(OR(I4="",M4=""),"",(M4-I4)/I4) -> 0.032524522 | Z4: =IF(OR(I4="",N4=""),"",(N4-I4)/I4) -> 0.050593702 | AA4: =IF(OR(I4="",O4=""),"",(O4-I4)/I4) -> 0.081569437 | AB4: =IF(OR(Q4="",S4<>"",P4="",I4=""),"",IF(P4="Investor Override",IF(L4="","",(L4-I4)/I4),IF(P4="Offer 1",IF(M4="","",(M4-I4)/I4),IF(P4="Offer 2",IF(N4="","",(N4-I4)/I4),IF(P4="Offer 3",IF(O4="","",(O4-I4)/I4),""))))) -> 0.019617966
A5: Tyson, Mikhal | B5: 1-1136 | C5: B1 | D5: 46146 | E5: =IF(D5="","",D5-90) -> 46056 | F5: =IF(D5="","",D5-60) -> 46086 | G5: =IF(D5="","",D5-30) -> 46116 | H5: 0 | I5: 2037 | J5: =IF(I5="","",IF(ABS(N5-W5)<=ABS(M5-W5),IF(ABS(N5-W5)<=ABS(O5-W5),"Offer 2","Offer 3"),IF(ABS(M5-W5)<=ABS(O5-W5),"Offer 1","Offer 3"))) -> Offer 1 | K5: 0 | L5: =IF(OR(I5="",K5=""),"",CEILING(I5*(1+K5),5)) -> 2040 | M5: =IF(I5="","",IF(X5="Under",CEILING(MAX(I5*1.02,MIN(V5,W5)*0.95),5),CEILING(MAX(I5*1.03,MIN(V5,W5)*0.97),5))) -> 2080 | N5: =IF(I5="","",IF(X5="Under",CEILING(MAX(I5*1.03,(V5+W5)/2*0.96),5),CEILING(MAX(I5*1.05,(V5+W5)/2*0.98),5))) -> 2100 | O5: =IF(I5="","",IF(X5="Under",CEILING(MAX(I5*1.05,MIN(V5,W5*1.01)),5),CEILING(MAX(I5*1.08,MIN(V5,W5*1.02)),5))) -> 2140 | P5: Investor Override | Q5: 46091 | T5: (904) 422-6933 | U5: 13 months / 0% increase / $500 concession | V5: =IF(C5="","",IFERROR(VLOOKUP(C5,SETUP!$A$9:$D$24,2,0),"⚠ Check SETUP")) -> 1809 | W5: =IF(C5="","",IFERROR(VLOOKUP(C5,SETUP!$A$9:$D$24,3,0),"⚠ Check SETUP")) -> 1764 | X5: =IF(C5="","",IFERROR(VLOOKUP(C5,SETUP!$A$9:$D$24,4,0),"⚠ Check SETUP")) -> Under | Y5: =IF(OR(I5="",M5=""),"",(M5-I5)/I5) -> 0.021109475 | Z5: =IF(OR(I5="",N5=""),"",(N5-I5)/I5) -> 0.030927835 | AA5: =IF(OR(I5="",O5=""),"",(O5-I5)/I5) -> 0.050564556 | AB5: =IF(OR(Q5="",S5<>"",P5="",I5=""),"",IF(P5="Investor Override",IF(L5="","",(L5-I5)/I5),IF(P5="Offer 1",IF(M5="","",(M5-I5)/I5),IF(P5="Offer 2",IF(N5="","",(N5-I5)/I5),IF(P5="Offer 3",IF(O5="","",(O5-I5)/I5),""))))) -> 0.0014727541
A6: Higginbotham, Brandi | B6: 3-3217 | C6: A1 | D6: 46146 | E6: =IF(D6="","",D6-90) -> 46056 | F6: =IF(D6="","",D6-60) -> 46086 | G6: =IF(D6="","",D6-30) -> 46116 | H6: 500 | I6: 1469 | J6: =IF(I6="","",IF(ABS(N6-W6)<=ABS(M6-W6),IF(ABS(N6-W6)<=ABS(O6-W6),"Offer 2","Offer 3"),IF(ABS(M6-W6)<=ABS(O6-W6),"Offer 1","Offer 3"))) -> Offer 1 | K6: 0.025 | L6: =IF(OR(I6="",K6=""),"",CEILING(I6*(1+K6),5)) -> 1510 | M6: =IF(I6="","",IF(X6="Under",CEILING(MAX(I6*1.02,MIN(V6,W6)*0.95),5),CEILING(MAX(I6*1.03,MIN(V6,W6)*0.97),5))) -> 1500 | N6: =IF(I6="","",IF(X6="Under",CEILING(MAX(I6*1.03,(V6+W6)/2*0.96),5),CEILING(MAX(I6*1.05,(V6+W6)/2*0.98),5))) -> 1515 | O6: =IF(I6="","",IF(X6="Under",CEILING(MAX(I6*1.05,MIN(V6,W6*1.01)),5),CEILING(MAX(I6*1.08,MIN(V6,W6*1.02)),5))) -> 1545 | R6: 46146 | T6: (334) 614-4063 | U6: Smaller apartment | V6: =IF(C6="","",IFERROR(VLOOKUP(C6,SETUP!$A$9:$D$24,2,0),"⚠ Check SETUP")) -> 1595 | W6: =IF(C6="","",IFERROR(VLOOKUP(C6,SETUP!$A$9:$D$24,3,0),"⚠ Check SETUP")) -> 1504 | X6: =IF(C6="","",IFERROR(VLOOKUP(C6,SETUP!$A$9:$D$24,4,0),"⚠ Check SETUP")) -> Under | Y6: =IF(OR(I6="",M6=""),"",(M6-I6)/I6) -> 0.021102791 | Z6: =IF(OR(I6="",N6=""),"",(N6-I6)/I6) -> 0.031313819 | AA6: =IF(OR(I6="",O6=""),"",(O6-I6)/I6) -> 0.051735875 | AB6: =IF(OR(Q6="",S6<>"",P6="",I6=""),"",IF(P6="Investor Override",IF(L6="","",(L6-I6)/I6),IF(P6="Offer 1",IF(M6="","",(M6-I6)/I6),IF(P6="Offer 2",IF(N6="","",(N6-I6)/I6),IF(P6="Offer 3",IF(O6="","",(O6-I6)/I6),"")))))
A7: Wong, Britt | B7: 1-1406 | C7: B1 | D7: 46146 | E7: =IF(D7="","",D7-90) -> 46056 | F7: =IF(D7="","",D7-60) -> 46086 | G7: =IF(D7="","",D7-30) -> 46116 | H7: 0 | I7: 1810 | J7: =IF(I7="","",IF(ABS(N7-W7)<=ABS(M7-W7),IF(ABS(N7-W7)<=ABS(O7-W7),"Offer 2","Offer 3"),IF(ABS(M7-W7)<=ABS(O7-W7),"Offer 1","Offer 3"))) -> Offer 1 | K7: 0 | L7: =IF(OR(I7="",K7=""),"",CEILING(I7*(1+K7),5)) -> 1810 | M7: =IF(I7="","",IF(X7="Under",CEILING(MAX(I7*1.02,MIN(V7,W7)*0.95),5),CEILING(MAX(I7*1.03,MIN(V7,W7)*0.97),5))) -> 1850 | N7: =IF(I7="","",IF(X7="Under",CEILING(MAX(I7*1.03,(V7+W7)/2*0.96),5),CEILING(MAX(I7*1.05,(V7+W7)/2*0.98),5))) -> 1865 | O7: =IF(I7="","",IF(X7="Under",CEILING(MAX(I7*1.05,MIN(V7,W7*1.01)),5),CEILING(MAX(I7*1.08,MIN(V7,W7*1.02)),5))) -> 1905 | P7: Investor Override | Q7: 46114 | T7: (508) 446-6148 | U7: 14 months / 0% increase / One month concession | V7: =IF(C7="","",IFERROR(VLOOKUP(C7,SETUP!$A$9:$D$24,2,0),"⚠ Check SETUP")) -> 1809 | W7: =IF(C7="","",IFERROR(VLOOKUP(C7,SETUP!$A$9:$D$24,3,0),"⚠ Check SETUP")) -> 1764 | X7: =IF(C7="","",IFERROR(VLOOKUP(C7,SETUP!$A$9:$D$24,4,0),"⚠ Check SETUP")) -> Under | Y7: =IF(OR(I7="",M7=""),"",(M7-I7)/I7) -> 0.022099448 | Z7: =IF(OR(I7="",N7=""),"",(N7-I7)/I7) -> 0.03038674 | AA7: =IF(OR(I7="",O7=""),"",(O7-I7)/I7) -> 0.052486188 | AB7: =IF(OR(Q7="",S7<>"",P7="",I7=""),"",IF(P7="Investor Override",IF(L7="","",(L7-I7)/I7),IF(P7="Offer 1",IF(M7="","",(M7-I7)/I7),IF(P7="Offer 2",IF(N7="","",(N7-I7)/I7),IF(P7="Offer 3",IF(O7="","",(O7-I7)/I7),""))))) -> 0
A8: Molina, Andrew | B8: 3-3215 | C8: A1 | D8: 46146 | E8: =IF(D8="","",D8-90) -> 46056 | F8: =IF(D8="","",D8-60) -> 46086 | G8: =IF(D8="","",D8-30) -> 46116 | H8: 0 | I8: 1530 | J8: =IF(I8="","",IF(ABS(N8-W8)<=ABS(M8-W8),IF(ABS(N8-W8)<=ABS(O8-W8),"Offer 2","Offer 3"),IF(ABS(M8-W8)<=ABS(O8-W8),"Offer 1","Offer 3"))) -> Offer 1 | K8: 0.072 | L8: =IF(OR(I8="",K8=""),"",CEILING(I8*(1+K8),5)) -> 1645 | M8: =IF(I8="","",IF(X8="Under",CEILING(MAX(I8*1.02,MIN(V8,W8)*0.95),5),CEILING(MAX(I8*1.03,MIN(V8,W8)*0.97),5))) -> 1565 | N8: =IF(I8="","",IF(X8="Under",CEILING(MAX(I8*1.03,(V8+W8)/2*0.96),5),CEILING(MAX(I8*1.05,(V8+W8)/2*0.98),5))) -> 1580 | O8: =IF(I8="","",IF(X8="Under",CEILING(MAX(I8*1.05,MIN(V8,W8*1.01)),5),CEILING(MAX(I8*1.08,MIN(V8,W8*1.02)),5))) -> 1610 | P8: Investor Override | Q8: 46079 | T8: (808) 383-0494 | U8: 12 months / 7% increase / $500 concession | V8: =IF(C8="","",IFERROR(VLOOKUP(C8,SETUP!$A$9:$D$24,2,0),"⚠ Check SETUP")) -> 1595 | W8: =IF(C8="","",IFERROR(VLOOKUP(C8,SETUP!$A$9:$D$24,3,0),"⚠ Check SETUP")) -> 1504 | X8: =IF(C8="","",IFERROR(VLOOKUP(C8,SETUP!$A$9:$D$24,4,0),"⚠ Check SETUP")) -> Under | Y8: =IF(OR(I8="",M8=""),"",(M8-I8)/I8) -> 0.022875817 | Z8: =IF(OR(I8="",N8=""),"",(N8-I8)/I8) -> 0.032679739 | AA8: =IF(OR(I8="",O8=""),"",(O8-I8)/I8) -> 0.052287582 | AB8: =IF(OR(Q8="",S8<>"",P8="",I8=""),"",IF(P8="Investor Override",IF(L8="","",(L8-I8)/I8),IF(P8="Offer 1",IF(M8="","",(M8-I8)/I8),IF(P8="Offer 2",IF(N8="","",(N8-I8)/I8),IF(P8="Offer 3",IF(O8="","",(O8-I8)/I8),""))))) -> 0.075163399
A9: Rivera, Daniel | B9: 3-3117 | C9: A1 | D9: 46148 | E9: =IF(D9="","",D9-90) -> 46058 | F9: =IF(D9="","",D9-60) -> 46088 | G9: =IF(D9="","",D9-30) -> 46118 | H9: 0 | I9: 1468 | J9: =IF(I9="","",IF(ABS(N9-W9)<=ABS(M9-W9),IF(ABS(N9-W9)<=ABS(O9-W9),"Offer 2","Offer 3"),IF(ABS(M9-W9)<=ABS(O9-W9),"Offer 1","Offer 3"))) -> Offer 1 | K9: 0.019 | L9: =IF(OR(I9="",K9=""),"",CEILING(I9*(1+K9),5)) -> 1500 | M9: =IF(I9="","",IF(X9="Under",CEILING(MAX(I9*1.02,MIN(V9,W9)*0.95),5),CEILING(MAX(I9*1.03,MIN(V9,W9)*0.97),5))) -> 1500 | N9: =IF(I9="","",IF(X9="Under",CEILING(MAX(I9*1.03,(V9+W9)/2*0.96),5),CEILING(MAX(I9*1.05,(V9+W9)/2*0.98),5))) -> 1515 | O9: =IF(I9="","",IF(X9="Under",CEILING(MAX(I9*1.05,MIN(V9,W9*1.01)),5),CEILING(MAX(I9*1.08,MIN(V9,W9*1.02)),5))) -> 1545 | P9: Investor Override | Q9: 46085 | T9: (904) 290-9732 | U9: 15 months / 2% increase / $500 concession | V9: =IF(C9="","",IFERROR(VLOOKUP(C9,SETUP!$A$9:$D$24,2,0),"⚠ Check SETUP")) -> 1595 | W9: =IF(C9="","",IFERROR(VLOOKUP(C9,SETUP!$A$9:$D$24,3,0),"⚠ Check SETUP")) -> 1504 | X9: =IF(C9="","",IFERROR(VLOOKUP(C9,SETUP!$A$9:$D$24,4,0),"⚠ Check SETUP")) -> Under | Y9: =IF(OR(I9="",M9=""),"",(M9-I9)/I9) -> 0.021798365 | Z9: =IF(OR(I9="",N9=""),"",(N9-I9)/I9) -> 0.032016349 | AA9: =IF(OR(I9="",O9=""),"",(O9-I9)/I9) -> 0.052452316 | AB9: =IF(OR(Q9="",S9<>"",P9="",I9=""),"",IF(P9="Investor Override",IF(L9="","",(L9-I9)/I9),IF(P9="Offer 1",IF(M9="","",(M9-I9)/I9),IF(P9="Offer 2",IF(N9="","",(N9-I9)/I9),IF(P9="Offer 3",IF(O9="","",(O9-I9)/I9),""))))) -> 0.021798365
A10: Tsenuokpor, Justice | B10: 1-1216 | C10: B2 | D10: 46148 | E10: =IF(D10="","",D10-90) -> 46058 | F10: =IF(D10="","",D10-60) -> 46088 | G10: =IF(D10="","",D10-30) -> 46118 | H10: 500 | I10: 1867 | J10: =IF(I10="","",IF(ABS(N10-W10)<=ABS(M10-W10),IF(ABS(N10-W10)<=ABS(O10-W10),"Offer 2","Offer 3"),IF(ABS(M10-W10)<=ABS(O10-W10),"Offer 1","Offer 3"))) -> Offer 1 | K10: 0 | L10: =IF(OR(I10="",K10=""),"",CEILING(I10*(1+K10),5)) -> 1870 | M10: =IF(I10="","",IF(X10="Under",CEILING(MAX(I10*1.02,MIN(V10,W10)*0.95),5),CEILING(MAX(I10*1.03,MIN(V10,W10)*0.97),5))) -> 1905 | N10: =IF(I10="","",IF(X10="Under",CEILING(MAX(I10*1.03,(V10+W10)/2*0.96),5),CEILING(MAX(I10*1.05,(V10+W10)/2*0.98),5))) -> 1925 | O10: =IF(I10="","",IF(X10="Under",CEILING(MAX(I10*1.05,MIN(V10,W10*1.01)),5),CEILING(MAX(I10*1.08,MIN(V10,W10*1.02)),5))) -> 1965 | P10: Investor Override | Q10: 46111 | T10: (270) 953-1310 | U10: 12 months / 0% increase / One month concession | V10: =IF(C10="","",IFERROR(VLOOKUP(C10,SETUP!$A$9:$D$24,2,0),"⚠ Check SETUP")) -> 1595 | W10: =IF(C10="","",IFERROR(VLOOKUP(C10,SETUP!$A$9:$D$24,3,0),"⚠ Check SETUP")) -> 1806 | X10: =IF(C10="","",IFERROR(VLOOKUP(C10,SETUP!$A$9:$D$24,4,0),"⚠ Check SETUP")) -> Under | Y10: =IF(OR(I10="",M10=""),"",(M10-I10)/I10) -> 0.020353508 | Z10: =IF(OR(I10="",N10=""),"",(N10-I10)/I10) -> 0.031065881 | AA10: =IF(OR(I10="",O10=""),"",(O10-I10)/I10) -> 0.052490627 | AB10: =IF(OR(Q10="",S10<>"",P10="",I10=""),"",IF(P10="Investor Override",IF(L10="","",(L10-I10)/I10),IF(P10="Offer 1",IF(M10="","",(M10-I10)/I10),IF(P10="Offer 2",IF(N10="","",(N10-I10)/I10),IF(P10="Offer 3",IF(O10="","",(O10-I10)/I10),""))))) -> 0.0016068559
A11: Sanford, Trevor | B11: 1-1404 | C11: A4 | D11: 46152 | E11: =IF(D11="","",D11-90) -> 46062 | F11: =IF(D11="","",D11-60) -> 46092 | G11: =IF(D11="","",D11-30) -> 46122 | H11: 1399 | I11: 1539 | J11: =IF(I11="","",IF(ABS(N11-W11)<=ABS(M11-W11),IF(ABS(N11-W11)<=ABS(O11-W11),"Offer 2","Offer 3"),IF(ABS(M11-W11)<=ABS(O11-W11),"Offer 1","Offer 3"))) -> Offer 1 | K11: 0 | L11: =IF(OR(I11="",K11=""),"",CEILING(I11*(1+K11),5)) -> 1540 | M11: =IF(I11="","",IF(X11="Under",CEILING(MAX(I11*1.02,MIN(V11,W11)*0.95),5),CEILING(MAX(I11*1.03,MIN(V11,W11)*0.97),5))) -> 1590 | N11: =IF(I11="","",IF(X11="Under",CEILING(MAX(I11*1.03,(V11+W11)/2*0.96),5),CEILING(MAX(I11*1.05,(V11+W11)/2*0.98),5))) -> 1620 | O11: =IF(I11="","",IF(X11="Under",CEILING(MAX(I11*1.05,MIN(V11,W11*1.01)),5),CEILING(MAX(I11*1.08,MIN(V11,W11*1.02)),5))) -> 1665 | P11: Investor Override | Q11: 46072 | T11: (904) 401-1793 | U11: 15 months / 0% increase / $500 concession | V11: =IF(C11="","",IFERROR(VLOOKUP(C11,SETUP!$A$9:$D$24,2,0),"⚠ Check SETUP")) -> 1421 | W11: =IF(C11="","",IFERROR(VLOOKUP(C11,SETUP!$A$9:$D$24,3,0),"⚠ Check SETUP")) -> 1424 | X11: =IF(C11="","",IFERROR(VLOOKUP(C11,SETUP!$A$9:$D$24,4,0),"⚠ Check SETUP")) -> Over | Y11: =IF(OR(I11="",M11=""),"",(M11-I11)/I11) -> 0.033138402 | Z11: =IF(OR(I11="",N11=""),"",(N11-I11)/I11) -> 0.052631579 | AA11: =IF(OR(I11="",O11=""),"",(O11-I11)/I11) -> 0.081871345 | AB11: =IF(OR(Q11="",S11<>"",P11="",I11=""),"",IF(P11="Investor Override",IF(L11="","",(L11-I11)/I11),IF(P11="Offer 1",IF(M11="","",(M11-I11)/I11),IF(P11="Offer 2",IF(N11="","",(N11-I11)/I11),IF(P11="Offer 3",IF(O11="","",(O11-I11)/I11),""))))) -> 0.00064977258
A12: Blair, Shea | B12: 1-1219 | C12: B2 | D12: 46153 | E12: =IF(D12="","",D12-90) -> 46063 | F12: =IF(D12="","",D12-60) -> 46093 | G12: =IF(D12="","",D12-30) -> 46123 | H12: 0 | I12: 1821 | J12: =IF(I12="","",IF(ABS(N12-W12)<=ABS(M12-W12),IF(ABS(N12-W12)<=ABS(O12-W12),"Offer 2","Offer 3"),IF(ABS(M12-W12)<=ABS(O12-W12),"Offer 1","Offer 3"))) -> Offer 1 | K12: 0 | L12: =IF(OR(I12="",K12=""),"",CEILING(I12*(1+K12),5)) -> 1825 | M12: =IF(I12="","",IF(X12="Under",CEILING(MAX(I12*1.02,MIN(V12,W12)*0.95),5),CEILING(MAX(I12*1.03,MIN(V12,W12)*0.97),5))) -> 1860 | N12: =IF(I12="","",IF(X12="Under",CEILING(MAX(I12*1.03,(V12+W12)/2*0.96),5),CEILING(MAX(I12*1.05,(V12+W12)/2*0.98),5))) -> 1880 | O12: =IF(I12="","",IF(X12="Under",CEILING(MAX(I12*1.05,MIN(V12,W12*1.01)),5),CEILING(MAX(I12*1.08,MIN(V12,W12*1.02)),5))) -> 1915 | P12: Investor Override | Q12: 46111 | T12: (760) 622-8129 | U12: 12 months / 0% increase / One month concession | V12: =IF(C12="","",IFERROR(VLOOKUP(C12,SETUP!$A$9:$D$24,2,0),"⚠ Check SETUP")) -> 1595 | W12: =IF(C12="","",IFERROR(VLOOKUP(C12,SETUP!$A$9:$D$24,3,0),"⚠ Check SETUP")) -> 1806 | X12: =IF(C12="","",IFERROR(VLOOKUP(C12,SETUP!$A$9:$D$24,4,0),"⚠ Check SETUP")) -> Under | Y12: =IF(OR(I12="",M12=""),"",(M12-I12)/I12) -> 0.021416804 | Z12: =IF(OR(I12="",N12=""),"",(N12-I12)/I12) -> 0.03239978 | AA12: =IF(OR(I12="",O12=""),"",(O12-I12)/I12) -> 0.051619989 | AB12: =IF(OR(Q12="",S12<>"",P12="",I12=""),"",IF(P12="Investor Override",IF(L12="","",(L12-I12)/I12),IF(P12="Offer 1",IF(M12="","",(M12-I12)/I12),IF(P12="Offer 2",IF(N12="","",(N12-I12)/I12),IF(P12="Offer 3",IF(O12="","",(O12-I12)/I12),""))))) -> 0.0021965953
A13: Aluague, Bethanny | B13: 2-2317 | C13: S1 | D13: 46160 | E13: =IF(D13="","",D13-90) -> 46070 | F13: =IF(D13="","",D13-60) -> 46100 | G13: =IF(D13="","",D13-30) -> 46130 | H13: 1308 | J13: =IF(I13="","",IF(ABS(N13-W13)<=ABS(M13-W13),IF(ABS(N13-W13)<=ABS(O13-W13),"Offer 2","Offer 3"),IF(ABS(M13-W13)<=ABS(O13-W13),"Offer 1","Offer 3"))) | K13: 0 | L13: =IF(OR(I13="",K13=""),"",CEILING(I13*(1+K13),5)) | M13: =IF(I13="","",IF(X13="Under",CEILING(MAX(I13*1.02,MIN(V13,W13)*0.95),5),CEILING(MAX(I13*1.03,MIN(V13,W13)*0.97),5))) | N13: =IF(I13="","",IF(X13="Under",CEILING(MAX(I13*1.03,(V13+W13)/2*0.96),5),CEILING(MAX(I13*1.05,(V13+W13)/2*0.98),5))) | O13: =IF(I13="","",IF(X13="Under",CEILING(MAX(I13*1.05,MIN(V13,W13*1.01)),5),CEILING(MAX(I13*1.08,MIN(V13,W13*1.02)),5))) | R13: 46143 | T13: (904) 361-1165 | U13: Larger apartment | V13: =IF(C13="","",IFERROR(VLOOKUP(C13,SETUP!$A$9:$D$24,2,0),"⚠ Check SETUP")) -> 1365 | W13: =IF(C13="","",IFERROR(VLOOKUP(C13,SETUP!$A$9:$D$24,3,0),"⚠ Check SETUP")) -> 1377 | X13: =IF(C13="","",IFERROR(VLOOKUP(C13,SETUP!$A$9:$D$24,4,0),"⚠ Check SETUP")) -> Under | Y13: =IF(OR(I13="",M13=""),"",(M13-I13)/I13) | Z13: =IF(OR(I13="",N13=""),"",(N13-I13)/I13) | AA13: =IF(OR(I13="",O13=""),"",(O13-I13)/I13) | AB13: =IF(OR(Q13="",S13<>"",P13="",I13=""),"",IF(P13="Investor Override",IF(L13="","",(L13-I13)/I13),IF(P13="Offer 1",IF(M13="","",(M13-I13)/I13),IF(P13="Offer 2",IF(N13="","",(N13-I13)/I13),IF(P13="Offer 3",IF(O13="","",(O13-I13)/I13),"")))))
A14: Bellamy Sr, Kimberly | B14: 1-1101 | C14: B3 | D14: 46166 | E14: =IF(D14="","",D14-90) -> 46076 | F14: =IF(D14="","",D14-60) -> 46106 | G14: =IF(D14="","",D14-30) -> 46136 | H14: 1997 | I14: 1997 | J14: =IF(I14="","",IF(ABS(N14-W14)<=ABS(M14-W14),IF(ABS(N14-W14)<=ABS(O14-W14),"Offer 2","Offer 3"),IF(ABS(M14-W14)<=ABS(O14-W14),"Offer 1","Offer 3"))) -> Offer 1 | K14: 0 | L14: =IF(OR(I14="",K14=""),"",CEILING(I14*(1+K14),5)) -> 2000 | M14: =IF(I14="","",IF(X14="Under",CEILING(MAX(I14*1.02,MIN(V14,W14)*0.95),5),CEILING(MAX(I14*1.03,MIN(V14,W14)*0.97),5))) -> 2040 | N14: =IF(I14="","",IF(X14="Under",CEILING(MAX(I14*1.03,(V14+W14)/2*0.96),5),CEILING(MAX(I14*1.05,(V14+W14)/2*0.98),5))) -> 2060 | O14: =IF(I14="","",IF(X14="Under",CEILING(MAX(I14*1.05,MIN(V14,W14*1.01)),5),CEILING(MAX(I14*1.08,MIN(V14,W14*1.02)),5))) -> 2100 | S14: 46077 | T14: (704) 682-1667 | U14: Home purchase | V14: =IF(C14="","",IFERROR(VLOOKUP(C14,SETUP!$A$9:$D$24,2,0),"⚠ Check SETUP")) -> 1880 | W14: =IF(C14="","",IFERROR(VLOOKUP(C14,SETUP!$A$9:$D$24,3,0),"⚠ Check SETUP")) -> 1976 | X14: =IF(C14="","",IFERROR(VLOOKUP(C14,SETUP!$A$9:$D$24,4,0),"⚠ Check SETUP")) -> Under | Y14: =IF(OR(I14="",M14=""),"",(M14-I14)/I14) -> 0.021532298 | Z14: =IF(OR(I14="",N14=""),"",(N14-I14)/I14) -> 0.031547321 | AA14: =IF(OR(I14="",O14=""),"",(O14-I14)/I14) -> 0.051577366 | AB14: =IF(OR(Q14="",S14<>"",P14="",I14=""),"",IF(P14="Investor Override",IF(L14="","",(L14-I14)/I14),IF(P14="Offer 1",IF(M14="","",(M14-I14)/I14),IF(P14="Offer 2",IF(N14="","",(N14-I14)/I14),IF(P14="Offer 3",IF(O14="","",(O14-I14)/I14),"")))))
A15: Mantel, Donna | B15: 1-1321 | C15: B2 | D15: 46166 | E15: =IF(D15="","",D15-90) -> 46076 | F15: =IF(D15="","",D15-60) -> 46106 | G15: =IF(D15="","",D15-30) -> 46136 | H15: 0 | I15: 1804 | J15: =IF(I15="","",IF(ABS(N15-W15)<=ABS(M15-W15),IF(ABS(N15-W15)<=ABS(O15-W15),"Offer 2","Offer 3"),IF(ABS(M15-W15)<=ABS(O15-W15),"Offer 1","Offer 3"))) -> Offer 1 | K15: 0.02 | L15: =IF(OR(I15="",K15=""),"",CEILING(I15*(1+K15),5)) -> 1845 | M15: =IF(I15="","",IF(X15="Under",CEILING(MAX(I15*1.02,MIN(V15,W15)*0.95),5),CEILING(MAX(I15*1.03,MIN(V15,W15)*0.97),5))) -> 1845 | N15: =IF(I15="","",IF(X15="Under",CEILING(MAX(I15*1.03,(V15+W15)/2*0.96),5),CEILING(MAX(I15*1.05,(V15+W15)/2*0.98),5))) -> 1860 | O15: =IF(I15="","",IF(X15="Under",CEILING(MAX(I15*1.05,MIN(V15,W15*1.01)),5),CEILING(MAX(I15*1.08,MIN(V15,W15*1.02)),5))) -> 1895 | S15: 46090 | T15: (973) 760-6912 | U15: Relationship change | V15: =IF(C15="","",IFERROR(VLOOKUP(C15,SETUP!$A$9:$D$24,2,0),"⚠ Check SETUP")) -> 1595 | W15: =IF(C15="","",IFERROR(VLOOKUP(C15,SETUP!$A$9:$D$24,3,0),"⚠ Check SETUP")) -> 1806 | X15: =IF(C15="","",IFERROR(VLOOKUP(C15,SETUP!$A$9:$D$24,4,0),"⚠ Check SETUP")) -> Under | Y15: =IF(OR(I15="",M15=""),"",(M15-I15)/I15) -> 0.022727273 | Z15: =IF(OR(I15="",N15=""),"",(N15-I15)/I15) -> 0.031042129 | AA15: =IF(OR(I15="",O15=""),"",(O15-I15)/I15) -> 0.050443459 | AB15: =IF(OR(Q15="",S15<>"",P15="",I15=""),"",IF(P15="Investor Override",IF(L15="","",(L15-I15)/I15),IF(P15="Offer 1",IF(M15="","",(M15-I15)/I15),IF(P15="Offer 2",IF(N15="","",(N15-I15)/I15),IF(P15="Offer 3",IF(O15="","",(O15-I15)/I15),"")))))
A16: Mahone, Rodney | B16: 3-3108 | C16: A5 | D16: 46169 | E16: =IF(D16="","",D16-90) -> 46079 | F16: =IF(D16="","",D16-60) -> 46109 | G16: =IF(D16="","",D16-30) -> 46139 | H16: 0 | I16: 1530 | J16: =IF(I16="","",IF(ABS(N16-W16)<=ABS(M16-W16),IF(ABS(N16-W16)<=ABS(O16-W16),"Offer 2","Offer 3"),IF(ABS(M16-W16)<=ABS(O16-W16),"Offer 1","Offer 3"))) -> Offer 1 | K16: 0.018 | L16: =IF(OR(I16="",K16=""),"",CEILING(I16*(1+K16),5)) -> 1560 | M16: =IF(I16="","",IF(X16="Under",CEILING(MAX(I16*1.02,MIN(V16,W16)*0.95),5),CEILING(MAX(I16*1.03,MIN(V16,W16)*0.97),5))) -> 1565 | N16: =IF(I16="","",IF(X16="Under",CEILING(MAX(I16*1.03,(V16+W16)/2*0.96),5),CEILING(MAX(I16*1.05,(V16+W16)/2*0.98),5))) -> 1580 | O16: =IF(I16="","",IF(X16="Under",CEILING(MAX(I16*1.05,MIN(V16,W16*1.01)),5),CEILING(MAX(I16*1.08,MIN(V16,W16*1.02)),5))) -> 1610 | P16: Investor Override | Q16: 46088 | T16: (706) 536-6880 | U16: 12 months / 2% increase / $500 concession | V16: =IF(C16="","",IFERROR(VLOOKUP(C16,SETUP!$A$9:$D$24,2,0),"⚠ Check SETUP")) -> 1719 | W16: =IF(C16="","",IFERROR(VLOOKUP(C16,SETUP!$A$9:$D$24,3,0),"⚠ Check SETUP")) -> 1561 | X16: =IF(C16="","",IFERROR(VLOOKUP(C16,SETUP!$A$9:$D$24,4,0),"⚠ Check SETUP")) -> Under | Y16: =IF(OR(I16="",M16=""),"",(M16-I16)/I16) -> 0.022875817 | Z16: =IF(OR(I16="",N16=""),"",(N16-I16)/I16) -> 0.032679739 | AA16: =IF(OR(I16="",O16=""),"",(O16-I16)/I16) -> 0.052287582 | AB16: =IF(OR(Q16="",S16<>"",P16="",I16=""),"",IF(P16="Investor Override",IF(L16="","",(L16-I16)/I16),IF(P16="Offer 1",IF(M16="","",(M16-I16)/I16),IF(P16="Offer 2",IF(N16="","",(N16-I16)/I16),IF(P16="Offer 3",IF(O16="","",(O16-I16)/I16),""))))) -> 0.019607843
A17: Biddle, Kimberly | B17: 2-2417 | C17: S1 | D17: 46169 | E17: =IF(D17="","",D17-90) -> 46079 | F17: =IF(D17="","",D17-60) -> 46109 | G17: =IF(D17="","",D17-30) -> 46139 | H17: 0 | J17: =IF(I17="","",IF(ABS(N17-W17)<=ABS(M17-W17),IF(ABS(N17-W17)<=ABS(O17-W17),"Offer 2","Offer 3"),IF(ABS(M17-W17)<=ABS(O17-W17),"Offer 1","Offer 3"))) | K17: 0 | L17: =IF(OR(I17="",K17=""),"",CEILING(I17*(1+K17),5)) | M17: =IF(I17="","",IF(X17="Under",CEILING(MAX(I17*1.02,MIN(V17,W17)*0.95),5),CEILING(MAX(I17*1.03,MIN(V17,W17)*0.97),5))) | N17: =IF(I17="","",IF(X17="Under",CEILING(MAX(I17*1.03,(V17+W17)/2*0.96),5),CEILING(MAX(I17*1.05,(V17+W17)/2*0.98),5))) | O17: =IF(I17="","",IF(X17="Under",CEILING(MAX(I17*1.05,MIN(V17,W17*1.01)),5),CEILING(MAX(I17*1.08,MIN(V17,W17*1.02)),5))) | S17: 46091 | T17: (352) 890-0609 | U17: Health Reasons | V17: =IF(C17="","",IFERROR(VLOOKUP(C17,SETUP!$A$9:$D$24,2,0),"⚠ Check SETUP")) -> 1365 | W17: =IF(C17="","",IFERROR(VLOOKUP(C17,SETUP!$A$9:$D$24,3,0),"⚠ Check SETUP")) -> 1377 | X17: =IF(C17="","",IFERROR(VLOOKUP(C17,SETUP!$A$9:$D$24,4,0),"⚠ Check SETUP")) -> Under | Y17: =IF(OR(I17="",M17=""),"",(M17-I17)/I17) | Z17: =IF(OR(I17="",N17=""),"",(N17-I17)/I17) | AA17: =IF(OR(I17="",O17=""),"",(O17-I17)/I17) | AB17: =IF(OR(Q17="",S17<>"",P17="",I17=""),"",IF(P17="Investor Override",IF(L17="","",(L17-I17)/I17),IF(P17="Offer 1",IF(M17="","",(M17-I17)/I17),IF(P17="Offer 2",IF(N17="","",(N17-I17)/I17),IF(P17="Offer 3",IF(O17="","",(O17-I17)/I17),"")))))
A18: McCall, Tyler | B18: 3-3202 | C18: B5 | D18: 46173 | E18: =IF(D18="","",D18-90) -> 46083 | F18: =IF(D18="","",D18-60) -> 46113 | G18: =IF(D18="","",D18-30) -> 46143 | H18: 0 | I18: 1814 | J18: =IF(I18="","",IF(ABS(N18-W18)<=ABS(M18-W18),IF(ABS(N18-W18)<=ABS(O18-W18),"Offer 2","Offer 3"),IF(ABS(M18-W18)<=ABS(O18-W18),"Offer 1","Offer 3"))) -> Offer 1 | K18: 0 | L18: =IF(OR(I18="",K18=""),"",CEILING(I18*(1+K18),5)) -> 1815 | M18: =IF(I18="","",IF(X18="Under",CEILING(MAX(I18*1.02,MIN(V18,W18)*0.95),5),CEILING(MAX(I18*1.03,MIN(V18,W18)*0.97),5))) -> 1870 | N18: =IF(I18="","",IF(X18="Under",CEILING(MAX(I18*1.03,(V18+W18)/2*0.96),5),CEILING(MAX(I18*1.05,(V18+W18)/2*0.98),5))) -> 1905 | O18: =IF(I18="","",IF(X18="Under",CEILING(MAX(I18*1.05,MIN(V18,W18*1.01)),5),CEILING(MAX(I18*1.08,MIN(V18,W18*1.02)),5))) -> 1960 | P18: Investor Override | Q18: 46113 | T18: (904) 584-0670 | U18: 15 months / 0% increase / One month concession | V18: =IF(C18="","",IFERROR(VLOOKUP(C18,SETUP!$A$9:$D$24,2,0),"⚠ Check SETUP")) -> 1860 | W18: =IF(C18="","",IFERROR(VLOOKUP(C18,SETUP!$A$9:$D$24,3,0),"⚠ Check SETUP")) -> 1776 | X18: =IF(C18="","",IFERROR(VLOOKUP(C18,SETUP!$A$9:$D$24,4,0),"⚠ Check SETUP")) -> Over | Y18: =IF(OR(I18="",M18=""),"",(M18-I18)/I18) -> 0.030871003 | Z18: =IF(OR(I18="",N18=""),"",(N18-I18)/I18) -> 0.05016538 | AA18: =IF(OR(I18="",O18=""),"",(O18-I18)/I18) -> 0.080485116 | AB18: =IF(OR(Q18="",S18<>"",P18="",I18=""),"",IF(P18="Investor Override",IF(L18="","",(L18-I18)/I18),IF(P18="Offer 1",IF(M18="","",(M18-I18)/I18),IF(P18="Offer 2",IF(N18="","",(N18-I18)/I18),IF(P18="Offer 3",IF(O18="","",(O18-I18)/I18),""))))) -> 0.00055126792
A19: Ali, Vaqar | B19: 1-1322 | C19: A1 | D19: 46173 | E19: =IF(D19="","",D19-90) -> 46083 | F19: =IF(D19="","",D19-60) -> 46113 | G19: =IF(D19="","",D19-30) -> 46143 | H19: 0 | I19: 1574 | J19: =IF(I19="","",IF(ABS(N19-W19)<=ABS(M19-W19),IF(ABS(N19-W19)<=ABS(O19-W19),"Offer 2","Offer 3"),IF(ABS(M19-W19)<=ABS(O19-W19),"Offer 1","Offer 3"))) -> Offer 1 | K19: 0 | L19: =IF(OR(I19="",K19=""),"",CEILING(I19*(1+K19),5)) -> 1575 | M19: =IF(I19="","",IF(X19="Under",CEILING(MAX(I19*1.02,MIN(V19,W19)*0.95),5),CEILING(MAX(I19*1.03,MIN(V19,W19)*0.97),5))) -> 1610 | N19: =IF(I19="","",IF(X19="Under",CEILING(MAX(I19*1.03,(V19+W19)/2*0.96),5),CEILING(MAX(I19*1.05,(V19+W19)/2*0.98),5))) -> 1625 | O19: =IF(I19="","",IF(X19="Under",CEILING(MAX(I19*1.05,MIN(V19,W19*1.01)),5),CEILING(MAX(I19*1.08,MIN(V19,W19*1.02)),5))) -> 1655 | P19: Investor Override | Q19: 46098 | T19: (904) 482-2603 | U19: 13 months / 1% increase / $250 concession | V19: =IF(C19="","",IFERROR(VLOOKUP(C19,SETUP!$A$9:$D$24,2,0),"⚠ Check SETUP")) -> 1595 | W19: =IF(C19="","",IFERROR(VLOOKUP(C19,SETUP!$A$9:$D$24,3,0),"⚠ Check SETUP")) -> 1504 | X19: =IF(C19="","",IFERROR(VLOOKUP(C19,SETUP!$A$9:$D$24,4,0),"⚠ Check SETUP")) -> Under | Y19: =IF(OR(I19="",M19=""),"",(M19-I19)/I19) -> 0.022871665 | Z19: =IF(OR(I19="",N19=""),"",(N19-I19)/I19) -> 0.032401525 | AA19: =IF(OR(I19="",O19=""),"",(O19-I19)/I19) -> 0.051461245 | AB19: =IF(OR(Q19="",S19<>"",P19="",I19=""),"",IF(P19="Investor Override",IF(L19="","",(L19-I19)/I19),IF(P19="Offer 1",IF(M19="","",(M19-I19)/I19),IF(P19="Offer 2",IF(N19="","",(N19-I19)/I19),IF(P19="Offer 3",IF(O19="","",(O19-I19)/I19),""))))) -> 0.00063532402
A21: RETENTION ANALYSIS
A22: Metric | B22: Count | C22: % of Expirations | D22: % of Decided | E22: Status
A23: Total Lease Expirations | B23: =COUNTA(A4:A19) -> 16
A24: Renewals Signed | B24: =COUNTA(Q4:Q19) -> 11 | C24: =IFERROR(B24/B23,"-") -> 0.6875 | D24: =IFERROR(B24/(B24+B25),"-") -> 0.78571429 | E24: =IF(B23=0,"Awaiting data",IF(B24/B23>=0.6,"On Track ✓","Needs Attention ⚠")) -> On Track ✓
A25: NTV's Received | B25: =COUNTA(S4:S19) -> 3 | C25: =IFERROR(B25/B23,"-") -> 0.1875 | D25: =IFERROR(B25/(B24+B25),"-") -> 0.21428571 | E25: =IF(B23=0,"Awaiting data",IF(B25/B23<=0.2,"Acceptable","High NTV ⚠")) -> Acceptable
A26: Transfers | B26: =COUNTA(R4:R19) -> 2 | C26: =IFERROR(B26/B23,"-") -> 0.125 | D26: — | E26: Resident retained in portfolio
A27: Pending / Not Yet Decided | B27: =MAX(0,B23-B24-B25-B26) -> 0 | C27: =IFERROR(B27/B23,"-") -> 0 | D27: — | E27: =IF(B27=0,"All accounted for ✓","Follow up needed") -> All accounted for ✓
A29: RETENTION RATE (Renewals ÷ Total Expirations) | C29: =IFERROR(B24/B23,"-") -> 0.6875 | D29: =IF(B23=0,"Enter resident data to calculate",IF(B24/B23>=0.6,"✓ Meeting target retention","⚠ Below target — review offers")) -> ✓ Meeting target retention
A30: RETENTION RATE (Renewals ÷ Renewals + NTVs) ← of decided residents | C30: =IFERROR(B24/(B24+B25),"-") -> 0.78571429 | D30: Excludes pending residents — only counts those who have made a decision (renewed or NTV'd)
A33: Legend
A34: Renewed (auto: enter date in Renewal Signed)
A35: Pending Signature (manual: apply yellow fill)
A36: NTV / Notice to Vacate (auto: enter date in NTV Rcv'd)
A37: Transfer (auto: enter date in Transfer)
A38: MTM / Month-to-Month (manual: apply gray fill)

Sheet June 2026
A1: =SETUP!B3&" - "&SETUP!B4&" Renewals" -> RISE Bartram Park - April 2026 Renewals
A2: Name | B2: Unit | C2: Unit Type | D2: Expiration Date | E2: 90-Day Notice | F2: 60-Day Notice | G2: 30-Day Notice | H2: Deposit Held | I2: Current Rate | J2: Recommended Offer | K2: Investor Override % Increase | L2: Investor Override Offer | M2: Offer 1 Conservative | N2: Offer 2 Balanced | O2: Offer 3 Aggressive | P2: Signed Offer | Q2: Renewal Signed | R2: Transfer | S2: NTV Rcv'd | T2: Phone | U2: Notes | V2: Market Rate | W2: Budget | X2: Occupancy (Under/Over) | Y2: Rent Growth Offer 1 | Z2: Rent Growth Offer 2 | AA2: Rent Growth Offer 3 | AB2: Signed Rent Growth
A3: ▼ Enter | B3: ▼ Enter | C3: ▼ Enter | D3: ▼ Enter | E3: ◀ Auto | F3: ◀ Auto | G3: ◀ Auto | H3: ▼ Enter | I3: ▼ Enter | J3: ◀ Auto | K3: ▼ Enter | L3: ◀ Auto | M3: ◀ Auto | N3: ◀ Auto | O3: ◀ Auto | P3: ▼ Select | Q3: ▼ Enter | R3: ▼ Enter | S3: ▼ Enter | T3: ▼ Enter | U3: ▼ Enter | V3: ◀ Auto | W3: ◀ Auto | X3: ◀ Auto | Y3: ◀ Auto | Z3: ◀ Auto | AA3: ◀ Auto | AB3: ◀ Auto
A4: Alvarez, Sofia | B4: 1-1436 | C4: B1 | D4: 46176 | E4: =IF(D4="","",D4-90) -> 46086 | F4: =IF(D4="","",D4-60) -> 46116 | G4: =IF(D4="","",D4-30) -> 46146 | H4: 0 | I4: 1808 | J4: =IF(I4="","",IF(ABS(N4-W4)<=ABS(M4-W4),IF(ABS(N4-W4)<=ABS(O4-W4),"Offer 2","Offer 3"),IF(ABS(M4-W4)<=ABS(O4-W4),"Offer 1","Offer 3"))) -> Offer 1 | K4: 0 | L4: =IF(OR(I4="",K4=""),"",CEILING(I4*(1+K4),5)) -> 1810 | M4: =IF(I4="","",IF(X4="Under",CEILING(MAX(I4*1.02,MIN(V4,W4)*0.95),5),CEILING(MAX(I4*1.03,MIN(V4,W4)*0.97),5))) -> 1845 | N4: =IF(I4="","",IF(X4="Under",CEILING(MAX(I4*1.03,(V4+W4)/2*0.96),5),CEILING(MAX(I4*1.05,(V4+W4)/2*0.98),5))) -> 1865 | O4: =IF(I4="","",IF(X4="Under",CEILING(MAX(I4*1.05,MIN(V4,W4*1.01)),5),CEILING(MAX(I4*1.08,MIN(V4,W4*1.02)),5))) -> 1900 | Q4: 5 | T4: (904) 254-3722 | V4: =IF(C4="","",IFERROR(VLOOKUP(C4,SETUP!$A$9:$D$24,2,0),"⚠ Check SETUP")) -> 1809 | W4: =IF(C4="","",IFERROR(VLOOKUP(C4,SETUP!$A$9:$D$24,3,0),"⚠ Check SETUP")) -> 1764 | X4: =IF(C4="","",IFERROR(VLOOKUP(C4,SETUP!$A$9:$D$24,4,0),"⚠ Check SETUP")) -> Under | Y4: =IF(OR(I4="",M4=""),"",(M4-I4)/I4) -> 0.020464602 | Z4: =IF(OR(I4="",N4=""),"",(N4-I4)/I4) -> 0.031526549 | AA4: =IF(OR(I4="",O4=""),"",(O4-I4)/I4) -> 0.050884956 | AB4: =IF(OR(Q4="",S4<>"",P4="",I4=""),"",IF(P4="Investor Override",IF(L4="","",(L4-I4)/I4),IF(P4="Offer 1",IF(M4="","",(M4-I4)/I4),IF(P4="Offer 2",IF(N4="","",(N4-I4)/I4),IF(P4="Offer 3",IF(O4="","",(O4-I4)/I4),"")))))
A5: Small, Collin | B5: 2-2114 | C5: A4 | D5: 46177 | E5: =IF(D5="","",D5-90) -> 46087 | F5: =IF(D5="","",D5-60) -> 46117 | G5: =IF(D5="","",D5-30) -> 46147 | H5: 1360 | I5: 1360 | J5: =IF(I5="","",IF(ABS(N5-W5)<=ABS(M5-W5),IF(ABS(N5-W5)<=ABS(O5-W5),"Offer 2","Offer 3"),IF(ABS(M5-W5)<=ABS(O5-W5),"Offer 1","Offer 3"))) -> Offer 2 | K5: 0 | L5: =IF(OR(I5="",K5=""),"",CEILING(I5*(1+K5),5)) -> 1360 | M5: =IF(I5="","",IF(X5="Under",CEILING(MAX(I5*1.02,MIN(V5,W5)*0.95),5),CEILING(MAX(I5*1.03,MIN(V5,W5)*0.97),5))) -> 1405 | N5: =IF(I5="","",IF(X5="Under",CEILING(MAX(I5*1.03,(V5+W5)/2*0.96),5),CEILING(MAX(I5*1.05,(V5+W5)/2*0.98),5))) -> 1430 | O5: =IF(I5="","",IF(X5="Under",CEILING(MAX(I5*1.05,MIN(V5,W5*1.01)),5),CEILING(MAX(I5*1.08,MIN(V5,W5*1.02)),5))) -> 1470 | S5: 5 | T5: (904) 305-2893 | U5: Home purchase | V5: =IF(C5="","",IFERROR(VLOOKUP(C5,SETUP!$A$9:$D$24,2,0),"⚠ Check SETUP")) -> 1421 | W5: =IF(C5="","",IFERROR(VLOOKUP(C5,SETUP!$A$9:$D$24,3,0),"⚠ Check SETUP")) -> 1424 | X5: =IF(C5="","",IFERROR(VLOOKUP(C5,SETUP!$A$9:$D$24,4,0),"⚠ Check SETUP")) -> Over | Y5: =IF(OR(I5="",M5=""),"",(M5-I5)/I5) -> 0.033088235 | Z5: =IF(OR(I5="",N5=""),"",(N5-I5)/I5) -> 0.051470588 | AA5: =IF(OR(I5="",O5=""),"",(O5-I5)/I5) -> 0.080882353 | AB5: =IF(OR(Q5="",S5<>"",P5="",I5=""),"",IF(P5="Investor Override",IF(L5="","",(L5-I5)/I5),IF(P5="Offer 1",IF(M5="","",(M5-I5)/I5),IF(P5="Offer 2",IF(N5="","",(N5-I5)/I5),IF(P5="Offer 3",IF(O5="","",(O5-I5)/I5),"")))))
A6: Marsh, William | B6: 1-1134 | C6: B6 | D6: 46177 | E6: =IF(D6="","",D6-90) -> 46087 | F6: =IF(D6="","",D6-60) -> 46117 | G6: =IF(D6="","",D6-30) -> 46147 | H6: 0 | I6: 1806 | J6: =IF(I6="","",IF(ABS(N6-W6)<=ABS(M6-W6),IF(ABS(N6-W6)<=ABS(O6-W6),"Offer 2","Offer 3"),IF(ABS(M6-W6)<=ABS(O6-W6),"Offer 1","Offer 3"))) -> Offer 1 | K6: 0 | L6: =IF(OR(I6="",K6=""),"",CEILING(I6*(1+K6),5)) -> 1810 | M6: =IF(I6="","",IF(X6="Under",CEILING(MAX(I6*1.02,MIN(V6,W6)*0.95),5),CEILING(MAX(I6*1.03,MIN(V6,W6)*0.97),5))) -> 1845 | N6: =IF(I6="","",IF(X6="Under",CEILING(MAX(I6*1.03,(V6+W6)/2*0.96),5),CEILING(MAX(I6*1.05,(V6+W6)/2*0.98),5))) -> 1865 | O6: =IF(I6="","",IF(X6="Under",CEILING(MAX(I6*1.05,MIN(V6,W6*1.01)),5),CEILING(MAX(I6*1.08,MIN(V6,W6*1.02)),5))) -> 1900 | S6: 46104 | T6: (904) 465-4222 | U6: Unhappy with neighbors | V6: =IF(C6="","",IFERROR(VLOOKUP(C6,SETUP!$A$9:$D$24,2,0),"⚠ Check SETUP")) -> 1880 | W6: =IF(C6="","",IFERROR(VLOOKUP(C6,SETUP!$A$9:$D$24,3,0),"⚠ Check SETUP")) -> 1789 | X6: =IF(C6="","",IFERROR(VLOOKUP(C6,SETUP!$A$9:$D$24,4,0),"⚠ Check SETUP")) -> Under | Y6: =IF(OR(I6="",M6=""),"",(M6-I6)/I6) -> 0.021594684 | Z6: =IF(OR(I6="",N6=""),"",(N6-I6)/I6) -> 0.032668882 | AA6: =IF(OR(I6="",O6=""),"",(O6-I6)/I6) -> 0.052048726 | AB6: =IF(OR(Q6="",S6<>"",P6="",I6=""),"",IF(P6="Investor Override",IF(L6="","",(L6-I6)/I6),IF(P6="Offer 1",IF(M6="","",(M6-I6)/I6),IF(P6="Offer 2",IF(N6="","",(N6-I6)/I6),IF(P6="Offer 3",IF(O6="","",(O6-I6)/I6),"")))))
A7: Allen, Christopher | B7: 1-1408 | C7: A2 | D7: 46179 | E7: =IF(D7="","",D7-90) -> 46089 | F7: =IF(D7="","",D7-60) -> 46119 | G7: =IF(D7="","",D7-30) -> 46149 | H7: 0 | I7: 1621 | J7: =IF(I7="","",IF(ABS(N7-W7)<=ABS(M7-W7),IF(ABS(N7-W7)<=ABS(O7-W7),"Offer 2","Offer 3"),IF(ABS(M7-W7)<=ABS(O7-W7),"Offer 1","Offer 3"))) -> Offer 1 | K7: 0 | L7: =IF(OR(I7="",K7=""),"",CEILING(I7*(1+K7),5)) -> 1625 | M7: =IF(I7="","",IF(X7="Under",CEILING(MAX(I7*1.02,MIN(V7,W7)*0.95),5),CEILING(MAX(I7*1.03,MIN(V7,W7)*0.97),5))) -> 1670 | N7: =IF(I7="","",IF(X7="Under",CEILING(MAX(I7*1.03,(V7+W7)/2*0.96),5),CEILING(MAX(I7*1.05,(V7+W7)/2*0.98),5))) -> 1705 | O7: =IF(I7="","",IF(X7="Under",CEILING(MAX(I7*1.05,MIN(V7,W7*1.01)),5),CEILING(MAX(I7*1.08,MIN(V7,W7*1.02)),5))) -> 1755 | Q7: 5 | T7: (904) 444-0295 | V7: =IF(C7="","",IFERROR(VLOOKUP(C7,SETUP!$A$9:$D$24,2,0),"⚠ Check SETUP")) -> 1795 | W7: =IF(C7="","",IFERROR(VLOOKUP(C7,SETUP!$A$9:$D$24,3,0),"⚠ Check SETUP")) -> 1476 | X7: =IF(C7="","",IFERROR(VLOOKUP(C7,SETUP!$A$9:$D$24,4,0),"⚠ Check SETUP")) -> Over | Y7: =IF(OR(I7="",M7=""),"",(M7-I7)/I7) -> 0.030228254 | Z7: =IF(OR(I7="",N7=""),"",(N7-I7)/I7) -> 0.051819864 | AA7: =IF(OR(I7="",O7=""),"",(O7-I7)/I7) -> 0.082665022 | AB7: =IF(OR(Q7="",S7<>"",P7="",I7=""),"",IF(P7="Investor Override",IF(L7="","",(L7-I7)/I7),IF(P7="Offer 1",IF(M7="","",(M7-I7)/I7),IF(P7="Offer 2",IF(N7="","",(N7-I7)/I7),IF(P7="Offer 3",IF(O7="","",(O7-I7)/I7),"")))))
A8: Stevenson III, Frank | B8: 1-1424 | C8: A4 | D8: 46180 | E8: =IF(D8="","",D8-90) -> 46090 | F8: =IF(D8="","",D8-60) -> 46120 | G8: =IF(D8="","",D8-30) -> 46150 | H8: 0 | I8: 1523 | J8: =IF(I8="","",IF(ABS(N8-W8)<=ABS(M8-W8),IF(ABS(N8-W8)<=ABS(O8-W8),"Offer 2","Offer 3"),IF(ABS(M8-W8)<=ABS(O8-W8),"Offer 1","Offer 3"))) -> Offer 1 | K8: 0 | L8: =IF(OR(I8="",K8=""),"",CEILING(I8*(1+K8),5)) -> 1525 | M8: =IF(I8="","",IF(X8="Under",CEILING(MAX(I8*1.02,MIN(V8,W8)*0.95),5),CEILING(MAX(I8*1.03,MIN(V8,W8)*0.97),5))) -> 1570 | N8: =IF(I8="","",IF(X8="Under",CEILING(MAX(I8*1.03,(V8+W8)/2*0.96),5),CEILING(MAX(I8*1.05,(V8+W8)/2*0.98),5))) -> 1600 | O8: =IF(I8="","",IF(X8="Under",CEILING(MAX(I8*1.05,MIN(V8,W8*1.01)),5),CEILING(MAX(I8*1.08,MIN(V8,W8*1.02)),5))) -> 1645 | Q8: 5 | T8: (904) 651-7156 | V8: =IF(C8="","",IFERROR(VLOOKUP(C8,SETUP!$A$9:$D$24,2,0),"⚠ Check SETUP")) -> 1421 | W8: =IF(C8="","",IFERROR(VLOOKUP(C8,SETUP!$A$9:$D$24,3,0),"⚠ Check SETUP")) -> 1424 | X8: =IF(C8="","",IFERROR(VLOOKUP(C8,SETUP!$A$9:$D$24,4,0),"⚠ Check SETUP")) -> Over | Y8: =IF(OR(I8="",M8=""),"",(M8-I8)/I8) -> 0.030860144 | Z8: =IF(OR(I8="",N8=""),"",(N8-I8)/I8) -> 0.050558109 | AA8: =IF(OR(I8="",O8=""),"",(O8-I8)/I8) -> 0.080105056 | AB8: =IF(OR(Q8="",S8<>"",P8="",I8=""),"",IF(P8="Investor Override",IF(L8="","",(L8-I8)/I8),IF(P8="Offer 1",IF(M8="","",(M8-I8)/I8),IF(P8="Offer 2",IF(N8="","",(N8-I8)/I8),IF(P8="Offer 3",IF(O8="","",(O8-I8)/I8),"")))))
A9: Brown, Cynthia | B9: 1-1218 | C9: A1 | D9: 46184 | E9: =IF(D9="","",D9-90) -> 46094 | F9: =IF(D9="","",D9-60) -> 46124 | G9: =IF(D9="","",D9-30) -> 46154 | H9: 500 | I9: 1556 | J9: =IF(I9="","",IF(ABS(N9-W9)<=ABS(M9-W9),IF(ABS(N9-W9)<=ABS(O9-W9),"Offer 2","Offer 3"),IF(ABS(M9-W9)<=ABS(O9-W9),"Offer 1","Offer 3"))) -> Offer 1 | K9: 0 | L9: =IF(OR(I9="",K9=""),"",CEILING(I9*(1+K9),5)) -> 1560 | M9: =IF(I9="","",IF(X9="Under",CEILING(MAX(I9*1.02,MIN(V9,W9)*0.95),5),CEILING(MAX(I9*1.03,MIN(V9,W9)*0.97),5))) -> 1590 | N9: =IF(I9="","",IF(X9="Under",CEILING(MAX(I9*1.03,(V9+W9)/2*0.96),5),CEILING(MAX(I9*1.05,(V9+W9)/2*0.98),5))) -> 1605 | O9: =IF(I9="","",IF(X9="Under",CEILING(MAX(I9*1.05,MIN(V9,W9*1.01)),5),CEILING(MAX(I9*1.08,MIN(V9,W9*1.02)),5))) -> 1635 | Q9: 5 | T9: (904) 536-2813 | V9: =IF(C9="","",IFERROR(VLOOKUP(C9,SETUP!$A$9:$D$24,2,0),"⚠ Check SETUP")) -> 1595 | W9: =IF(C9="","",IFERROR(VLOOKUP(C9,SETUP!$A$9:$D$24,3,0),"⚠ Check SETUP")) -> 1504 | X9: =IF(C9="","",IFERROR(VLOOKUP(C9,SETUP!$A$9:$D$24,4,0),"⚠ Check SETUP")) -> Under | Y9: =IF(OR(I9="",M9=""),"",(M9-I9)/I9) -> 0.0218509 | Z9: =IF(OR(I9="",N9=""),"",(N9-I9)/I9) -> 0.031491003 | AA9: =IF(OR(I9="",O9=""),"",(O9-I9)/I9) -> 0.050771208 | AB9: =IF(OR(Q9="",S9<>"",P9="",I9=""),"",IF(P9="Investor Override",IF(L9="","",(L9-I9)/I9),IF(P9="Offer 1",IF(M9="","",(M9-I9)/I9),IF(P9="Offer 2",IF(N9="","",(N9-I9)/I9),IF(P9="Offer 3",IF(O9="","",(O9-I9)/I9),"")))))
A10: Holeva, Barbara | B10: 1-1207 | C10: A1 | D10: 46185 | E10: =IF(D10="","",D10-90) -> 46095 | F10: =IF(D10="","",D10-60) -> 46125 | G10: =IF(D10="","",D10-30) -> 46155 | H10: 0 | I10: 1598 | J10: =IF(I10="","",IF(ABS(N10-W10)<=ABS(M10-W10),IF(ABS(N10-W10)<=ABS(O10-W10),"Offer 2","Offer 3"),IF(ABS(M10-W10)<=ABS(O10-W10),"Offer 1","Offer 3"))) -> Offer 1 | K10: 0 | L10: =IF(OR(I10="",K10=""),"",CEILING(I10*(1+K10),5)) -> 1600 | M10: =IF(I10="","",IF(X10="Under",CEILING(MAX(I10*1.02,MIN(V10,W10)*0.95),5),CEILING(MAX(I10*1.03,MIN(V10,W10)*0.97),5))) -> 1630 | N10: =IF(I10="","",IF(X10="Under",CEILING(MAX(I10*1.03,(V10+W10)/2*0.96),5),CEILING(MAX(I10*1.05,(V10+W10)/2*0.98),5))) -> 1650 | O10: =IF(I10="","",IF(X10="Under",CEILING(MAX(I10*1.05,MIN(V10,W10*1.01)),5),CEILING(MAX(I10*1.08,MIN(V10,W10*1.02)),5))) -> 1680 | S10: 46097 | T10: (904) 806-5129 | U10: Unhappy with neighbors | V10: =IF(C10="","",IFERROR(VLOOKUP(C10,SETUP!$A$9:$D$24,2,0),"⚠ Check SETUP")) -> 1595 | W10: =IF(C10="","",IFERROR(VLOOKUP(C10,SETUP!$A$9:$D$24,3,0),"⚠ Check SETUP")) -> 1504 | X10: =IF(C10="","",IFERROR(VLOOKUP(C10,SETUP!$A$9:$D$24,4,0),"⚠ Check SETUP")) -> Under | Y10: =IF(OR(I10="",M10=""),"",(M10-I10)/I10) -> 0.020025031 | Z10: =IF(OR(I10="",N10=""),"",(N10-I10)/I10) -> 0.032540676 | AA10: =IF(OR(I10="",O10=""),"",(O10-I10)/I10) -> 0.051314143 | AB10: =IF(OR(Q10="",S10<>"",P10="",I10=""),"",IF(P10="Investor Override",IF(L10="","",(L10-I10)/I10),IF(P10="Offer 1",IF(M10="","",(M10-I10)/I10),IF(P10="Offer 2",IF(N10="","",(N10-I10)/I10),IF(P10="Offer 3",IF(O10="","",(O10-I10)/I10),"")))))
A11: Navas, Decofru Llc (Eduardo Navas) | B11: 2-2416 | C11: A1 | D11: 46186 | E11: =IF(D11="","",D11-90) -> 46096 | F11: =IF(D11="","",D11-60) -> 46126 | G11: =IF(D11="","",D11-30) -> 46156 | H11: 0 | I11: 1644 | J11: =IF(I11="","",IF(ABS(N11-W11)<=ABS(M11-W11),IF(ABS(N11-W11)<=ABS(O11-W11),"Offer 2","Offer 3"),IF(ABS(M11-W11)<=ABS(O11-W11),"Offer 1","Offer 3"))) -> Offer 1 | L11: =IF(OR(I11="",K11=""),"",CEILING(I11*(1+K11),5)) | M11: =IF(I11="","",IF(X11="Under",CEILING(MAX(I11*1.02,MIN(V11,W11)*0.95),5),CEILING(MAX(I11*1.03,MIN(V11,W11)*0.97),5))) -> 1680 | N11: =IF(I11="","",IF(X11="Under",CEILING(MAX(I11*1.03,(V11+W11)/2*0.96),5),CEILING(MAX(I11*1.05,(V11+W11)/2*0.98),5))) -> 1695 | O11: =IF(I11="","",IF(X11="Under",CEILING(MAX(I11*1.05,MIN(V11,W11*1.01)),5),CEILING(MAX(I11*1.08,MIN(V11,W11*1.02)),5))) -> 1730 | S11: 46116 | T11: (786) 340-6067 | U11: Non-renewal - corporate lease | V11: =IF(C11="","",IFERROR(VLOOKUP(C11,SETUP!$A$9:$D$24,2,0),"⚠ Check SETUP")) -> 1595 | W11: =IF(C11="","",IFERROR(VLOOKUP(C11,SETUP!$A$9:$D$24,3,0),"⚠ Check SETUP")) -> 1504 | X11: =IF(C11="","",IFERROR(VLOOKUP(C11,SETUP!$A$9:$D$24,4,0),"⚠ Check SETUP")) -> Under | Y11: =IF(OR(I11="",M11=""),"",(M11-I11)/I11) -> 0.02189781 | Z11: =IF(OR(I11="",N11=""),"",(N11-I11)/I11) -> 0.031021898 | AA11: =IF(OR(I11="",O11=""),"",(O11-I11)/I11) -> 0.052311436 | AB11: =IF(OR(Q11="",S11<>"",P11="",I11=""),"",IF(P11="Investor Override",IF(L11="","",(L11-I11)/I11),IF(P11="Offer 1",IF(M11="","",(M11-I11)/I11),IF(P11="Offer 2",IF(N11="","",(N11-I11)/I11),IF(P11="Offer 3",IF(O11="","",(O11-I11)/I11),"")))))
A12: Amador, Ana | B12: 1-1127 | C12: A4 | D12: 46187 | E12: =IF(D12="","",D12-90) -> 46097 | F12: =IF(D12="","",D12-60) -> 46127 | G12: =IF(D12="","",D12-30) -> 46157 | H12: 0 | I12: 1508 | J12: =IF(I12="","",IF(ABS(N12-W12)<=ABS(M12-W12),IF(ABS(N12-W12)<=ABS(O12-W12),"Offer 2","Offer 3"),IF(ABS(M12-W12)<=ABS(O12-W12),"Offer 1","Offer 3"))) -> Offer 1 | K12: 0 | L12: =IF(OR(I12="",K12=""),"",CEILING(I12*(1+K12),5)) -> 1510 | M12: =IF(I12="","",IF(X12="Under",CEILING(MAX(I12*1.02,MIN(V12,W12)*0.95),5),CEILING(MAX(I12*1.03,MIN(V12,W12)*0.97),5))) -> 1555 | N12: =IF(I12="","",IF(X12="Under",CEILING(MAX(I12*1.03,(V12+W12)/2*0.96),5),CEILING(MAX(I12*1.05,(V12+W12)/2*0.98),5))) -> 1585 | O12: =IF(I12="","",IF(X12="Under",CEILING(MAX(I12*1.05,MIN(V12,W12*1.01)),5),CEILING(MAX(I12*1.08,MIN(V12,W12*1.02)),5))) -> 1630 | Q12: 5 | T12: (786) 617-3092 | V12: =IF(C12="","",IFERROR(VLOOKUP(C12,SETUP!$A$9:$D$24,2,0),"⚠ Check SETUP")) -> 1421 | W12: =IF(C12="","",IFERROR(VLOOKUP(C12,SETUP!$A$9:$D$24,3,0),"⚠ Check SETUP")) -> 1424 | X12: =IF(C12="","",IFERROR(VLOOKUP(C12,SETUP!$A$9:$D$24,4,0),"⚠ Check SETUP")) -> Over | Y12: =IF(OR(I12="",M12=""),"",(M12-I12)/I12) -> 0.031167109 | Z12: =IF(OR(I12="",N12=""),"",(N12-I12)/I12) -> 0.051061008 | AA12: =IF(OR(I12="",O12=""),"",(O12-I12)/I12) -> 0.080901857 | AB12: =IF(OR(Q12="",S12<>"",P12="",I12=""),"",IF(P12="Investor Override",IF(L12="","",(L12-I12)/I12),IF(P12="Offer 1",IF(M12="","",(M12-I12)/I12),IF(P12="Offer 2",IF(N12="","",(N12-I12)/I12),IF(P12="Offer 3",IF(O12="","",(O12-I12)/I12),"")))))
A13: Pysmenov, Roman | B13: 1-1421 | C13: B2 | D13: 46187 | E13: =IF(D13="","",D13-90) -> 46097 | F13: =IF(D13="","",D13-60) -> 46127 | G13: =IF(D13="","",D13-30) -> 46157 | H13: 0 | I13: 1856 | J13: =IF(I13="","",IF(ABS(N13-W13)<=ABS(M13-W13),IF(ABS(N13-W13)<=ABS(O13-W13),"Offer 2","Offer 3"),IF(ABS(M13-W13)<=ABS(O13-W13),"Offer 1","Offer 3"))) -> Offer 1 | K13: 0 | L13: =IF(OR(I13="",K13=""),"",CEILING(I13*(1+K13),5)) -> 1860 | M13: =IF(I13="","",IF(X13="Under",CEILING(MAX(I13*1.02,MIN(V13,W13)*0.95),5),CEILING(MAX(I13*1.03,MIN(V13,W13)*0.97),5))) -> 1895 | N13: =IF(I13="","",IF(X13="Under",CEILING(MAX(I13*1.03,(V13+W13)/2*0.96),5),CEILING(MAX(I13*1.05,(V13+W13)/2*0.98),5))) -> 1915 | O13: =IF(I13="","",IF(X13="Under",CEILING(MAX(I13*1.05,MIN(V13,W13*1.01)),5),CEILING(MAX(I13*1.08,MIN(V13,W13*1.02)),5))) -> 1950 | Q13: 5 | T13: (904) 466-3800 | V13: =IF(C13="","",IFERROR(VLOOKUP(C13,SETUP!$A$9:$D$24,2,0),"⚠ Check SETUP")) -> 1595 | W13: =IF(C13="","",IFERROR(VLOOKUP(C13,SETUP!$A$9:$D$24,3,0),"⚠ Check SETUP")) -> 1806 | X13: =IF(C13="","",IFERROR(VLOOKUP(C13,SETUP!$A$9:$D$24,4,0),"⚠ Check SETUP")) -> Under | Y13: =IF(OR(I13="",M13=""),"",(M13-I13)/I13) -> 0.021012931 | Z13: =IF(OR(I13="",N13=""),"",(N13-I13)/I13) -> 0.031788793 | AA13: =IF(OR(I13="",O13=""),"",(O13-I13)/I13) -> 0.050646552 | AB13: =IF(OR(Q13="",S13<>"",P13="",I13=""),"",IF(P13="Investor Override",IF(L13="","",(L13-I13)/I13),IF(P13="Offer 1",IF(M13="","",(M13-I13)/I13),IF(P13="Offer 2",IF(N13="","",(N13-I13)/I13),IF(P13="Offer 3",IF(O13="","",(O13-I13)/I13),"")))))
A14: Avila, Joey | B14: 1-1231 | C14: B3 | D14: 46187 | E14: =IF(D14="","",D14-90) -> 46097 | F14: =IF(D14="","",D14-60) -> 46127 | G14: =IF(D14="","",D14-30) -> 46157 | H14: 2071 | I14: 2071 | J14: =IF(I14="","",IF(ABS(N14-W14)<=ABS(M14-W14),IF(ABS(N14-W14)<=ABS(O14-W14),"Offer 2","Offer 3"),IF(ABS(M14-W14)<=ABS(O14-W14),"Offer 1","Offer 3"))) -> Offer 1 | K14: 0 | L14: =IF(OR(I14="",K14=""),"",CEILING(I14*(1+K14),5)) -> 2075 | M14: =IF(I14="","",IF(X14="Under",CEILING(MAX(I14*1.02,MIN(V14,W14)*0.95),5),CEILING(MAX(I14*1.03,MIN(V14,W14)*0.97),5))) -> 2115 | N14: =IF(I14="","",IF(X14="Under",CEILING(MAX(I14*1.03,(V14+W14)/2*0.96),5),CEILING(MAX(I14*1.05,(V14+W14)/2*0.98),5))) -> 2135 | O14: =IF(I14="","",IF(X14="Under",CEILING(MAX(I14*1.05,MIN(V14,W14*1.01)),5),CEILING(MAX(I14*1.08,MIN(V14,W14*1.02)),5))) -> 2175 | T14: (904) 563-4957 | U14: Said he'd renew but hasn't accepted offer | V14: =IF(C14="","",IFERROR(VLOOKUP(C14,SETUP!$A$9:$D$24,2,0),"⚠ Check SETUP")) -> 1880 | W14: =IF(C14="","",IFERROR(VLOOKUP(C14,SETUP!$A$9:$D$24,3,0),"⚠ Check SETUP")) -> 1976 | X14: =IF(C14="","",IFERROR(VLOOKUP(C14,SETUP!$A$9:$D$24,4,0),"⚠ Check SETUP")) -> Under | Y14: =IF(OR(I14="",M14=""),"",(M14-I14)/I14) -> 0.021245775 | Z14: =IF(OR(I14="",N14=""),"",(N14-I14)/I14) -> 0.030902945 | AA14: =IF(OR(I14="",O14=""),"",(O14-I14)/I14) -> 0.050217286 | AB14: =IF(OR(Q14="",S14<>"",P14="",I14=""),"",IF(P14="Investor Override",IF(L14="","",(L14-I14)/I14),IF(P14="Offer 1",IF(M14="","",(M14-I14)/I14),IF(P14="Offer 2",IF(N14="","",(N14-I14)/I14),IF(P14="Offer 3",IF(O14="","",(O14-I14)/I14),"")))))
A15: Lopez, Christopher | B15: 3-3407 | C15: A5 | D15: 46193 | E15: =IF(D15="","",D15-90) -> 46103 | F15: =IF(D15="","",D15-60) -> 46133 | G15: =IF(D15="","",D15-30) -> 46163 | H15: 0 | I15: 1586 | J15: =IF(I15="","",IF(ABS(N15-W15)<=ABS(M15-W15),IF(ABS(N15-W15)<=ABS(O15-W15),"Offer 2","Offer 3"),IF(ABS(M15-W15)<=ABS(O15-W15),"Offer 1","Offer 3"))) -> Offer 1 | K15: 0 | L15: =IF(OR(I15="",K15=""),"",CEILING(I15*(1+K15),5)) -> 1590 | M15: =IF(I15="","",IF(X15="Under",CEILING(MAX(I15*1.02,MIN(V15,W15)*0.95),5),CEILING(MAX(I15*1.03,MIN(V15,W15)*0.97),5))) -> 1620 | N15: =IF(I15="","",IF(X15="Under",CEILING(MAX(I15*1.03,(V15+W15)/2*0.96),5),CEILING(MAX(I15*1.05,(V15+W15)/2*0.98),5))) -> 1635 | O15: =IF(I15="","",IF(X15="Under",CEILING(MAX(I15*1.05,MIN(V15,W15*1.01)),5),CEILING(MAX(I15*1.08,MIN(V15,W15*1.02)),5))) -> 1670 | S15: 5 | T15: (315) 516-4267 | U15: Home purchase | V15: =IF(C15="","",IFERROR(VLOOKUP(C15,SETUP!$A$9:$D$24,2,0),"⚠ Check SETUP")) -> 1719 | W15: =IF(C15="","",IFERROR(VLOOKUP(C15,SETUP!$A$9:$D$24,3,0),"⚠ Check SETUP")) -> 1561 | X15: =IF(C15="","",IFERROR(VLOOKUP(C15,SETUP!$A$9:$D$24,4,0),"⚠ Check SETUP")) -> Under | Y15: =IF(OR(I15="",M15=""),"",(M15-I15)/I15) -> 0.021437579 | Z15: =IF(OR(I15="",N15=""),"",(N15-I15)/I15) -> 0.030895334 | AA15: =IF(OR(I15="",O15=""),"",(O15-I15)/I15) -> 0.05296343 | AB15: =IF(OR(Q15="",S15<>"",P15="",I15=""),"",IF(P15="Investor Override",IF(L15="","",(L15-I15)/I15),IF(P15="Offer 1",IF(M15="","",(M15-I15)/I15),IF(P15="Offer 2",IF(N15="","",(N15-I15)/I15),IF(P15="Offer 3",IF(O15="","",(O15-I15)/I15),"")))))
A16: Grover, Hailey | B16: 3-3420 | C16: B3 | D16: 46194 | E16: =IF(D16="","",D16-90) -> 46104 | F16: =IF(D16="","",D16-60) -> 46134 | G16: =IF(D16="","",D16-30) -> 46164 | H16: 1946 | I16: 1946 | J16: =IF(I16="","",IF(ABS(N16-W16)<=ABS(M16-W16),IF(ABS(N16-W16)<=ABS(O16-W16),"Offer 2","Offer 3"),IF(ABS(M16-W16)<=ABS(O16-W16),"Offer 1","Offer 3"))) -> Offer 1 | K16: 0 | L16: =IF(OR(I16="",K16=""),"",CEILING(I16*(1+K16),5)) -> 1950 | M16: =IF(I16="","",IF(X16="Under",CEILING(MAX(I16*1.02,MIN(V16,W16)*0.95),5),CEILING(MAX(I16*1.03,MIN(V16,W16)*0.97),5))) -> 1985 | N16: =IF(I16="","",IF(X16="Under",CEILING(MAX(I16*1.03,(V16+W16)/2*0.96),5),CEILING(MAX(I16*1.05,(V16+W16)/2*0.98),5))) -> 2005 | O16: =IF(I16="","",IF(X16="Under",CEILING(MAX(I16*1.05,MIN(V16,W16*1.01)),5),CEILING(MAX(I16*1.08,MIN(V16,W16*1.02)),5))) -> 2045 | S16: 5 | T16: (989) 971-9004 | U16: Home purchase | V16: =IF(C16="","",IFERROR(VLOOKUP(C16,SETUP!$A$9:$D$24,2,0),"⚠ Check SETUP")) -> 1880 | W16: =IF(C16="","",IFERROR(VLOOKUP(C16,SETUP!$A$9:$D$24,3,0),"⚠ Check SETUP")) -> 1976 | X16: =IF(C16="","",IFERROR(VLOOKUP(C16,SETUP!$A$9:$D$24,4,0),"⚠ Check SETUP")) -> Under | Y16: =IF(OR(I16="",M16=""),"",(M16-I16)/I16) -> 0.02004111 | Z16: =IF(OR(I16="",N16=""),"",(N16-I16)/I16) -> 0.030318602 | AA16: =IF(OR(I16="",O16=""),"",(O16-I16)/I16) -> 0.050873587 | AB16: =IF(OR(Q16="",S16<>"",P16="",I16=""),"",IF(P16="Investor Override",IF(L16="","",(L16-I16)/I16),IF(P16="Offer 1",IF(M16="","",(M16-I16)/I16),IF(P16="Offer 2",IF(N16="","",(N16-I16)/I16),IF(P16="Offer 3",IF(O16="","",(O16-I16)/I16),"")))))
A17: Spears, Dajai | B17: 1-1233 | C17: B1 | D17: 46199 | E17: =IF(D17="","",D17-90) -> 46109 | F17: =IF(D17="","",D17-60) -> 46139 | G17: =IF(D17="","",D17-30) -> 46169 | H17: 1790 | I17: 1772 | J17: =IF(I17="","",IF(ABS(N17-W17)<=ABS(M17-W17),IF(ABS(N17-W17)<=ABS(O17-W17),"Offer 2","Offer 3"),IF(ABS(M17-W17)<=ABS(O17-W17),"Offer 1","Offer 3"))) -> Offer 1 | K17: 0 | L17: =IF(OR(I17="",K17=""),"",CEILING(I17*(1+K17),5)) -> 1775 | M17: =IF(I17="","",IF(X17="Under",CEILING(MAX(I17*1.02,MIN(V17,W17)*0.95),5),CEILING(MAX(I17*1.03,MIN(V17,W17)*0.97),5))) -> 1810 | N17: =IF(I17="","",IF(X17="Under",CEILING(MAX(I17*1.03,(V17+W17)/2*0.96),5),CEILING(MAX(I17*1.05,(V17+W17)/2*0.98),5))) -> 1830 | O17: =IF(I17="","",IF(X17="Under",CEILING(MAX(I17*1.05,MIN(V17,W17*1.01)),5),CEILING(MAX(I17*1.08,MIN(V17,W17*1.02)),5))) -> 1865 | Q17: 5 | T17: (404) 484-8648 | V17: =IF(C17="","",IFERROR(VLOOKUP(C17,SETUP!$A$9:$D$24,2,0),"⚠ Check SETUP")) -> 1809 | W17: =IF(C17="","",IFERROR(VLOOKUP(C17,SETUP!$A$9:$D$24,3,0),"⚠ Check SETUP")) -> 1764 | X17: =IF(C17="","",IFERROR(VLOOKUP(C17,SETUP!$A$9:$D$24,4,0),"⚠ Check SETUP")) -> Under | Y17: =IF(OR(I17="",M17=""),"",(M17-I17)/I17) -> 0.021444695 | Z17: =IF(OR(I17="",N17=""),"",(N17-I17)/I17) -> 0.032731377 | AA17: =IF(OR(I17="",O17=""),"",(O17-I17)/I17) -> 0.05248307 | AB17: =IF(OR(Q17="",S17<>"",P17="",I17=""),"",IF(P17="Investor Override",IF(L17="","",(L17-I17)/I17),IF(P17="Offer 1",IF(M17="","",(M17-I17)/I17),IF(P17="Offer 2",IF(N17="","",(N17-I17)/I17),IF(P17="Offer 3",IF(O17="","",(O17-I17)/I17),"")))))
A18: Richmond, Toby | B18: 2-2112 | C18: A2 | D18: 46200 | E18: =IF(D18="","",D18-90) -> 46110 | F18: =IF(D18="","",D18-60) -> 46140 | G18: =IF(D18="","",D18-30) -> 46170 | H18: 1590 | I18: 1590 | J18: =IF(I18="","",IF(ABS(N18-W18)<=ABS(M18-W18),IF(ABS(N18-W18)<=ABS(O18-W18),"Offer 2","Offer 3"),IF(ABS(M18-W18)<=ABS(O18-W18),"Offer 1","Offer 3"))) -> Offer 1 | K18: 0 | L18: =IF(OR(I18="",K18=""),"",CEILING(I18*(1+K18),5)) -> 1590 | M18: =IF(I18="","",IF(X18="Under",CEILING(MAX(I18*1.02,MIN(V18,W18)*0.95),5),CEILING(MAX(I18*1.03,MIN(V18,W18)*0.97),5))) -> 1640 | N18: =IF(I18="","",IF(X18="Under",CEILING(MAX(I18*1.03,(V18+W18)/2*0.96),5),CEILING(MAX(I18*1.05,(V18+W18)/2*0.98),5))) -> 1670 | O18: =IF(I18="","",IF(X18="Under",CEILING(MAX(I18*1.05,MIN(V18,W18*1.01)),5),CEILING(MAX(I18*1.08,MIN(V18,W18*1.02)),5))) -> 1720 | Q18: 5 | T18: (904) 226-1626 | V18: =IF(C18="","",IFERROR(VLOOKUP(C18,SETUP!$A$9:$D$24,2,0),"⚠ Check SETUP")) -> 1795 | W18: =IF(C18="","",IFERROR(VLOOKUP(C18,SETUP!$A$9:$D$24,3,0),"⚠ Check SETUP")) -> 1476 | X18: =IF(C18="","",IFERROR(VLOOKUP(C18,SETUP!$A$9:$D$24,4,0),"⚠ Check SETUP")) -> Over | Y18: =IF(OR(I18="",M18=""),"",(M18-I18)/I18) -> 0.031446541 | Z18: =IF(OR(I18="",N18=""),"",(N18-I18)/I18) -> 0.050314465 | AA18: =IF(OR(I18="",O18=""),"",(O18-I18)/I18) -> 0.081761006 | AB18: =IF(OR(Q18="",S18<>"",P18="",I18=""),"",IF(P18="Investor Override",IF(L18="","",(L18-I18)/I18),IF(P18="Offer 1",IF(M18="","",(M18-I18)/I18),IF(P18="Offer 2",IF(N18="","",(N18-I18)/I18),IF(P18="Offer 3",IF(O18="","",(O18-I18)/I18),"")))))
A19: Pressler, Christopher | B19: 1-1217 | C19: B2 | D19: 46201 | E19: =IF(D19="","",D19-90) -> 46111 | F19: =IF(D19="","",D19-60) -> 46141 | G19: =IF(D19="","",D19-30) -> 46171 | H19: 0 | I19: 1796 | J19: =IF(I19="","",IF(ABS(N19-W19)<=ABS(M19-W19),IF(ABS(N19-W19)<=ABS(O19-W19),"Offer 2","Offer 3"),IF(ABS(M19-W19)<=ABS(O19-W19),"Offer 1","Offer 3"))) -> Offer 1 | K19: 0 | L19: =IF(OR(I19="",K19=""),"",CEILING(I19*(1+K19),5)) -> 1800 | M19: =IF(I19="","",IF(X19="Under",CEILING(MAX(I19*1.02,MIN(V19,W19)*0.95),5),CEILING(MAX(I19*1.03,MIN(V19,W19)*0.97),5))) -> 1835 | N19: =IF(I19="","",IF(X19="Under",CEILING(MAX(I19*1.03,(V19+W19)/2*0.96),5),CEILING(MAX(I19*1.05,(V19+W19)/2*0.98),5))) -> 1850 | O19: =IF(I19="","",IF(X19="Under",CEILING(MAX(I19*1.05,MIN(V19,W19*1.01)),5),CEILING(MAX(I19*1.08,MIN(V19,W19*1.02)),5))) -> 1890 | Q19: 5 | T19: (360) 540-1988 | V19: =IF(C19="","",IFERROR(VLOOKUP(C19,SETUP!$A$9:$D$24,2,0),"⚠ Check SETUP")) -> 1595 | W19: =IF(C19="","",IFERROR(VLOOKUP(C19,SETUP!$A$9:$D$24,3,0),"⚠ Check SETUP")) -> 1806 | X19: =IF(C19="","",IFERROR(VLOOKUP(C19,SETUP!$A$9:$D$24,4,0),"⚠ Check SETUP")) -> Under | Y19: =IF(OR(I19="",M19=""),"",(M19-I19)/I19) -> 0.021714922 | Z19: =IF(OR(I19="",N19=""),"",(N19-I19)/I19) -> 0.030066815 | AA19: =IF(OR(I19="",O19=""),"",(O19-I19)/I19) -> 0.05233853 | AB19: =IF(OR(Q19="",S19<>"",P19="",I19=""),"",IF(P19="Investor Override",IF(L19="","",(L19-I19)/I19),IF(P19="Offer 1",IF(M19="","",(M19-I19)/I19),IF(P19="Offer 2",IF(N19="","",(N19-I19)/I19),IF(P19="Offer 3",IF(O19="","",(O19-I19)/I19),"")))))
A20: Gonzalez, William | B20: 1-1226 | C20: A4 | D20: 46201 | E20: =IF(D20="","",D20-90) -> 46111 | F20: =IF(D20="","",D20-60) -> 46141 | G20: =IF(D20="","",D20-30) -> 46171 | H20: 0 | I20: 1380 | J20: =IF(I20="","",IF(ABS(N20-W20)<=ABS(M20-W20),IF(ABS(N20-W20)<=ABS(O20-W20),"Offer 2","Offer 3"),IF(ABS(M20-W20)<=ABS(O20-W20),"Offer 1","Offer 3"))) -> Offer 1 | K20: 0 | L20: =IF(OR(I20="",K20=""),"",CEILING(I20*(1+K20),5)) -> 1380 | M20: =IF(I20="","",IF(X20="Under",CEILING(MAX(I20*1.02,MIN(V20,W20)*0.95),5),CEILING(MAX(I20*1.03,MIN(V20,W20)*0.97),5))) -> 1425 | N20: =IF(I20="","",IF(X20="Under",CEILING(MAX(I20*1.03,(V20+W20)/2*0.96),5),CEILING(MAX(I20*1.05,(V20+W20)/2*0.98),5))) -> 1450 | O20: =IF(I20="","",IF(X20="Under",CEILING(MAX(I20*1.05,MIN(V20,W20*1.01)),5),CEILING(MAX(I20*1.08,MIN(V20,W20*1.02)),5))) -> 1495 | T20: (631) 703-0161 | U20: Unresponsive to one & two months free | V20: =IF(C20="","",IFERROR(VLOOKUP(C20,SETUP!$A$9:$D$24,2,0),"⚠ Check SETUP")) -> 1421 | W20: =IF(C20="","",IFERROR(VLOOKUP(C20,SETUP!$A$9:$D$24,3,0),"⚠ Check SETUP")) -> 1424 | X20: =IF(C20="","",IFERROR(VLOOKUP(C20,SETUP!$A$9:$D$24,4,0),"⚠ Check SETUP")) -> Over | Y20: =IF(OR(I20="",M20=""),"",(M20-I20)/I20) -> 0.032608696 | Z20: =IF(OR(I20="",N20=""),"",(N20-I20)/I20) -> 0.050724638 | AA20: =IF(OR(I20="",O20=""),"",(O20-I20)/I20) -> 0.083333333 | AB20: =IF(OR(Q20="",S20<>"",P20="",I20=""),"",IF(P20="Investor Override",IF(L20="","",(L20-I20)/I20),IF(P20="Offer 1",IF(M20="","",(M20-I20)/I20),IF(P20="Offer 2",IF(N20="","",(N20-I20)/I20),IF(P20="Offer 3",IF(O20="","",(O20-I20)/I20),"")))))
A21: Ellington, Cliphane | B21: 2-2201 | C21: C1 | D21: 46202 | E21: =IF(D21="","",D21-90) -> 46112 | F21: =IF(D21="","",D21-60) -> 46142 | G21: =IF(D21="","",D21-30) -> 46172 | H21: 500 | I21: 2359 | J21: =IF(I21="","",IF(ABS(N21-W21)<=ABS(M21-W21),IF(ABS(N21-W21)<=ABS(O21-W21),"Offer 2","Offer 3"),IF(ABS(M21-W21)<=ABS(O21-W21),"Offer 1","Offer 3"))) -> Offer 1 | K21: 0 | L21: =IF(OR(I21="",K21=""),"",CEILING(I21*(1+K21),5)) -> 2360 | M21: =IF(I21="","",IF(X21="Under",CEILING(MAX(I21*1.02,MIN(V21,W21)*0.95),5),CEILING(MAX(I21*1.03,MIN(V21,W21)*0.97),5))) -> 2410 | N21: =IF(I21="","",IF(X21="Under",CEILING(MAX(I21*1.03,(V21+W21)/2*0.96),5),CEILING(MAX(I21*1.05,(V21+W21)/2*0.98),5))) -> 2430 | O21: =IF(I21="","",IF(X21="Under",CEILING(MAX(I21*1.05,MIN(V21,W21*1.01)),5),CEILING(MAX(I21*1.08,MIN(V21,W21*1.02)),5))) -> 2480 | S21: 5 | T21: (912) 747-7380 | U21: Relationship change (domestic issues) | V21: =IF(C21="","",IFERROR(VLOOKUP(C21,SETUP!$A$9:$D$24,2,0),"⚠ Check SETUP")) -> 2406 | W21: =IF(C21="","",IFERROR(VLOOKUP(C21,SETUP!$A$9:$D$24,3,0),"⚠ Check SETUP")) -> 2361 | X21: =IF(C21="","",IFERROR(VLOOKUP(C21,SETUP!$A$9:$D$24,4,0),"⚠ Check SETUP")) -> Under | Y21: =IF(OR(I21="",M21=""),"",(M21-I21)/I21) -> 0.02161933 | Z21: =IF(OR(I21="",N21=""),"",(N21-I21)/I21) -> 0.030097499 | AA21: =IF(OR(I21="",O21=""),"",(O21-I21)/I21) -> 0.051292921 | AB21: =IF(OR(Q21="",S21<>"",P21="",I21=""),"",IF(P21="Investor Override",IF(L21="","",(L21-I21)/I21),IF(P21="Offer 1",IF(M21="","",(M21-I21)/I21),IF(P21="Offer 2",IF(N21="","",(N21-I21)/I21),IF(P21="Offer 3",IF(O21="","",(O21-I21)/I21),"")))))
A22: Graham-Richardson, James | B22: 3-3315 | C22: A1 | D22: 46202 | E22: =IF(D22="","",D22-90) -> 46112 | F22: =IF(D22="","",D22-60) -> 46142 | G22: =IF(D22="","",D22-30) -> 46172 | H22: 0 | I22: 1475 | J22: =IF(I22="","",IF(ABS(N22-W22)<=ABS(M22-W22),IF(ABS(N22-W22)<=ABS(O22-W22),"Offer 2","Offer 3"),IF(ABS(M22-W22)<=ABS(O22-W22),"Offer 1","Offer 3"))) -> Offer 1 | K22: 0 | L22: =IF(OR(I22="",K22=""),"",CEILING(I22*(1+K22),5)) -> 1475 | M22: =IF(I22="","",IF(X22="Under",CEILING(MAX(I22*1.02,MIN(V22,W22)*0.95),5),CEILING(MAX(I22*1.03,MIN(V22,W22)*0.97),5))) -> 1505 | N22: =IF(I22="","",IF(X22="Under",CEILING(MAX(I22*1.03,(V22+W22)/2*0.96),5),CEILING(MAX(I22*1.05,(V22+W22)/2*0.98),5))) -> 1520 | O22: =IF(I22="","",IF(X22="Under",CEILING(MAX(I22*1.05,MIN(V22,W22*1.01)),5),CEILING(MAX(I22*1.08,MIN(V22,W22*1.02)),5))) -> 1550 | S22: 5 | T22: (904) 423-9574 | U22: Price/special - needs lower rent | V22: =IF(C22="","",IFERROR(VLOOKUP(C22,SETUP!$A$9:$D$24,2,0),"⚠ Check SETUP")) -> 1595 | W22: =IF(C22="","",IFERROR(VLOOKUP(C22,SETUP!$A$9:$D$24,3,0),"⚠ Check SETUP")) -> 1504 | X22: =IF(C22="","",IFERROR(VLOOKUP(C22,SETUP!$A$9:$D$24,4,0),"⚠ Check SETUP")) -> Under | Y22: =IF(OR(I22="",M22=""),"",(M22-I22)/I22) -> 0.020338983 | Z22: =IF(OR(I22="",N22=""),"",(N22-I22)/I22) -> 0.030508475 | AA22: =IF(OR(I22="",O22=""),"",(O22-I22)/I22) -> 0.050847458 | AB22: =IF(OR(Q22="",S22<>"",P22="",I22=""),"",IF(P22="Investor Override",IF(L22="","",(L22-I22)/I22),IF(P22="Offer 1",IF(M22="","",(M22-I22)/I22),IF(P22="Offer 2",IF(N22="","",(N22-I22)/I22),IF(P22="Offer 3",IF(O22="","",(O22-I22)/I22),"")))))
A23: Napier, Alvin | B23: 1-1438 | C23: C1 | D23: 46203 | E23: =IF(D23="","",D23-90) -> 46113 | F23: =IF(D23="","",D23-60) -> 46143 | G23: =IF(D23="","",D23-30) -> 46173 | H23: 0 | I23: 2365 | J23: =IF(I23="","",IF(ABS(N23-W23)<=ABS(M23-W23),IF(ABS(N23-W23)<=ABS(O23-W23),"Offer 2","Offer 3"),IF(ABS(M23-W23)<=ABS(O23-W23),"Offer 1","Offer 3"))) -> Offer 1 | K23: 0 | L23: =IF(OR(I23="",K23=""),"",CEILING(I23*(1+K23),5)) -> 2365 | M23: =IF(I23="","",IF(X23="Under",CEILING(MAX(I23*1.02,MIN(V23,W23)*0.95),5),CEILING(MAX(I23*1.03,MIN(V23,W23)*0.97),5))) -> 2415 | N23: =IF(I23="","",IF(X23="Under",CEILING(MAX(I23*1.03,(V23+W23)/2*0.96),5),CEILING(MAX(I23*1.05,(V23+W23)/2*0.98),5))) -> 2440 | O23: =IF(I23="","",IF(X23="Under",CEILING(MAX(I23*1.05,MIN(V23,W23*1.01)),5),CEILING(MAX(I23*1.08,MIN(V23,W23*1.02)),5))) -> 2485 | Q23: 5 | T23: (718) 930-2174 | V23: =IF(C23="","",IFERROR(VLOOKUP(C23,SETUP!$A$9:$D$24,2,0),"⚠ Check SETUP")) -> 2406 | W23: =IF(C23="","",IFERROR(VLOOKUP(C23,SETUP!$A$9:$D$24,3,0),"⚠ Check SETUP")) -> 2361 | X23: =IF(C23="","",IFERROR(VLOOKUP(C23,SETUP!$A$9:$D$24,4,0),"⚠ Check SETUP")) -> Under | Y23: =IF(OR(I23="",M23=""),"",(M23-I23)/I23) -> 0.021141649 | Z23: =IF(OR(I23="",N23=""),"",(N23-I23)/I23) -> 0.031712474 | AA23: =IF(OR(I23="",O23=""),"",(O23-I23)/I23) -> 0.050739958 | AB23: =IF(OR(Q23="",S23<>"",P23="",I23=""),"",IF(P23="Investor Override",IF(L23="","",(L23-I23)/I23),IF(P23="Offer 1",IF(M23="","",(M23-I23)/I23),IF(P23="Offer 2",IF(N23="","",(N23-I23)/I23),IF(P23="Offer 3",IF(O23="","",(O23-I23)/I23),"")))))
A24: Matlock, Morgan | B24: 3-3212 | C24: A1 | D24: 46203 | E24: =IF(D24="","",D24-90) -> 46113 | F24: =IF(D24="","",D24-60) -> 46143 | G24: =IF(D24="","",D24-30) -> 46173 | H24: 0 | J24: =IF(I24="","",IF(ABS(N24-W24)<=ABS(M24-W24),IF(ABS(N24-W24)<=ABS(O24-W24),"Offer 2","Offer 3"),IF(ABS(M24-W24)<=ABS(O24-W24),"Offer 1","Offer 3"))) | K24: 0 | L24: =IF(OR(I24="",K24=""),"",CEILING(I24*(1+K24),5)) | M24: =IF(I24="","",IF(X24="Under",CEILING(MAX(I24*1.02,MIN(V24,W24)*0.95),5),CEILING(MAX(I24*1.03,MIN(V24,W24)*0.97),5))) | N24: =IF(I24="","",IF(X24="Under",CEILING(MAX(I24*1.03,(V24+W24)/2*0.96),5),CEILING(MAX(I24*1.05,(V24+W24)/2*0.98),5))) | O24: =IF(I24="","",IF(X24="Under",CEILING(MAX(I24*1.05,MIN(V24,W24*1.01)),5),CEILING(MAX(I24*1.08,MIN(V24,W24*1.02)),5))) | S24: 5 | T24: (352) 566-4254 | U24: RISE Employee moving off-site | V24: =IF(C24="","",IFERROR(VLOOKUP(C24,SETUP!$A$9:$D$24,2,0),"⚠ Check SETUP")) -> 1595 | W24: =IF(C24="","",IFERROR(VLOOKUP(C24,SETUP!$A$9:$D$24,3,0),"⚠ Check SETUP")) -> 1504 | X24: =IF(C24="","",IFERROR(VLOOKUP(C24,SETUP!$A$9:$D$24,4,0),"⚠ Check SETUP")) -> Under | Y24: =IF(OR(I24="",M24=""),"",(M24-I24)/I24) | Z24: =IF(OR(I24="",N24=""),"",(N24-I24)/I24) | AA24: =IF(OR(I24="",O24=""),"",(O24-I24)/I24) | AB24: =IF(OR(Q24="",S24<>"",P24="",I24=""),"",IF(P24="Investor Override",IF(L24="","",(L24-I24)/I24),IF(P24="Offer 1",IF(M24="","",(M24-I24)/I24),IF(P24="Offer 2",IF(N24="","",(N24-I24)/I24),IF(P24="Offer 3",IF(O24="","",(O24-I24)/I24),"")))))
A25: Torrez, Jerry | B25: 2-2325 | C25: C1 | D25: 46203 | E25: =IF(D25="","",D25-90) -> 46113 | F25: =IF(D25="","",D25-60) -> 46143 | G25: =IF(D25="","",D25-30) -> 46173 | H25: 500 | I25: 2357 | J25: =IF(I25="","",IF(ABS(N25-W25)<=ABS(M25-W25),IF(ABS(N25-W25)<=ABS(O25-W25),"Offer 2","Offer 3"),IF(ABS(M25-W25)<=ABS(O25-W25),"Offer 1","Offer 3"))) -> Offer 1 | K25: 0 | L25: =IF(OR(I25="",K25=""),"",CEILING(I25*(1+K25),5)) -> 2360 | M25: =IF(I25="","",IF(X25="Under",CEILING(MAX(I25*1.02,MIN(V25,W25)*0.95),5),CEILING(MAX(I25*1.03,MIN(V25,W25)*0.97),5))) -> 2405 | N25: =IF(I25="","",IF(X25="Under",CEILING(MAX(I25*1.03,(V25+W25)/2*0.96),5),CEILING(MAX(I25*1.05,(V25+W25)/2*0.98),5))) -> 2430 | O25: =IF(I25="","",IF(X25="Under",CEILING(MAX(I25*1.05,MIN(V25,W25*1.01)),5),CEILING(MAX(I25*1.08,MIN(V25,W25*1.02)),5))) -> 2475 | Q25: 5 | T25: (904) 930-5936 | V25: =IF(C25="","",IFERROR(VLOOKUP(C25,SETUP!$A$9:$D$24,2,0),"⚠ Check SETUP")) -> 2406 | W25: =IF(C25="","",IFERROR(VLOOKUP(C25,SETUP!$A$9:$D$24,3,0),"⚠ Check SETUP")) -> 2361 | X25: =IF(C25="","",IFERROR(VLOOKUP(C25,SETUP!$A$9:$D$24,4,0),"⚠ Check SETUP")) -> Under | Y25: =IF(OR(I25="",M25=""),"",(M25-I25)/I25) -> 0.020364871 | Z25: =IF(OR(I25="",N25=""),"",(N25-I25)/I25) -> 0.030971574 | AA25: =IF(OR(I25="",O25=""),"",(O25-I25)/I25) -> 0.05006364 | AB25: =IF(OR(Q25="",S25<>"",P25="",I25=""),"",IF(P25="Investor Override",IF(L25="","",(L25-I25)/I25),IF(P25="Offer 1",IF(M25="","",(M25-I25)/I25),IF(P25="Offer 2",IF(N25="","",(N25-I25)/I25),IF(P25="Offer 3",IF(O25="","",(O25-I25)/I25),"")))))
A26: Ayers, Sheila | B26: 2-2431 | C26: B5 | D26: 46203 | E26: =IF(D26="","",D26-90) -> 46113 | F26: =IF(D26="","",D26-60) -> 46143 | G26: =IF(D26="","",D26-30) -> 46173 | H26: 0 | I26: 1808 | J26: =IF(I26="","",IF(ABS(N26-W26)<=ABS(M26-W26),IF(ABS(N26-W26)<=ABS(O26-W26),"Offer 2","Offer 3"),IF(ABS(M26-W26)<=ABS(O26-W26),"Offer 1","Offer 3"))) -> Offer 1 | K26: 0 | L26: =IF(OR(I26="",K26=""),"",CEILING(I26*(1+K26),5)) -> 1810 | M26: =IF(I26="","",IF(X26="Under",CEILING(MAX(I26*1.02,MIN(V26,W26)*0.95),5),CEILING(MAX(I26*1.03,MIN(V26,W26)*0.97),5))) -> 1865 | N26: =IF(I26="","",IF(X26="Under",CEILING(MAX(I26*1.03,(V26+W26)/2*0.96),5),CEILING(MAX(I26*1.05,(V26+W26)/2*0.98),5))) -> 1900 | O26: =IF(I26="","",IF(X26="Under",CEILING(MAX(I26*1.05,MIN(V26,W26*1.01)),5),CEILING(MAX(I26*1.08,MIN(V26,W26*1.02)),5))) -> 1955 | Q26: 5 | T26: (901) 605-8124 | V26: =IF(C26="","",IFERROR(VLOOKUP(C26,SETUP!$A$9:$D$24,2,0),"⚠ Check SETUP")) -> 1860 | W26: =IF(C26="","",IFERROR(VLOOKUP(C26,SETUP!$A$9:$D$24,3,0),"⚠ Check SETUP")) -> 1776 | X26: =IF(C26="","",IFERROR(VLOOKUP(C26,SETUP!$A$9:$D$24,4,0),"⚠ Check SETUP")) -> Over | Y26: =IF(OR(I26="",M26=""),"",(M26-I26)/I26) -> 0.031526549 | Z26: =IF(OR(I26="",N26=""),"",(N26-I26)/I26) -> 0.050884956 | AA26: =IF(OR(I26="",O26=""),"",(O26-I26)/I26) -> 0.08130531 | AB26: =IF(OR(Q26="",S26<>"",P26="",I26=""),"",IF(P26="Investor Override",IF(L26="","",(L26-I26)/I26),IF(P26="Offer 1",IF(M26="","",(M26-I26)/I26),IF(P26="Offer 2",IF(N26="","",(N26-I26)/I26),IF(P26="Offer 3",IF(O26="","",(O26-I26)/I26),"")))))
A27: Fabre, Analise | B27: 3-3216 | C27: A1 | D27: 46203 | E27: =IF(D27="","",D27-90) -> 46113 | F27: =IF(D27="","",D27-60) -> 46143 | G27: =IF(D27="","",D27-30) -> 46173 | H27: 0 | I27: 1471 | J27: =IF(I27="","",IF(ABS(N27-W27)<=ABS(M27-W27),IF(ABS(N27-W27)<=ABS(O27-W27),"Offer 2","Offer 3"),IF(ABS(M27-W27)<=ABS(O27-W27),"Offer 1","Offer 3"))) -> Offer 1 | K27: 0 | L27: =IF(OR(I27="",K27=""),"",CEILING(I27*(1+K27),5)) -> 1475 | M27: =IF(I27="","",IF(X27="Under",CEILING(MAX(I27*1.02,MIN(V27,W27)*0.95),5),CEILING(MAX(I27*1.03,MIN(V27,W27)*0.97),5))) -> 1505 | N27: =IF(I27="","",IF(X27="Under",CEILING(MAX(I27*1.03,(V27+W27)/2*0.96),5),CEILING(MAX(I27*1.05,(V27+W27)/2*0.98),5))) -> 1520 | O27: =IF(I27="","",IF(X27="Under",CEILING(MAX(I27*1.05,MIN(V27,W27*1.01)),5),CEILING(MAX(I27*1.08,MIN(V27,W27*1.02)),5))) -> 1545 | T27: (507) 696-2431 | U27: Unresponsive to one & two months free | V27: =IF(C27="","",IFERROR(VLOOKUP(C27,SETUP!$A$9:$D$24,2,0),"⚠ Check SETUP")) -> 1595 | W27: =IF(C27="","",IFERROR(VLOOKUP(C27,SETUP!$A$9:$D$24,3,0),"⚠ Check SETUP")) -> 1504 | X27: =IF(C27="","",IFERROR(VLOOKUP(C27,SETUP!$A$9:$D$24,4,0),"⚠ Check SETUP")) -> Under | Y27: =IF(OR(I27="",M27=""),"",(M27-I27)/I27) -> 0.023113528 | Z27: =IF(OR(I27="",N27=""),"",(N27-I27)/I27) -> 0.033310673 | AA27: =IF(OR(I27="",O27=""),"",(O27-I27)/I27) -> 0.050305914 | AB27: =IF(OR(Q27="",S27<>"",P27="",I27=""),"",IF(P27="Investor Override",IF(L27="","",(L27-I27)/I27),IF(P27="Offer 1",IF(M27="","",(M27-I27)/I27),IF(P27="Offer 2",IF(N27="","",(N27-I27)/I27),IF(P27="Offer 3",IF(O27="","",(O27-I27)/I27),"")))))
A29: RETENTION ANALYSIS
A30: Metric | B30: Count | C30: % of Expirations | D30: % of Decided | E30: Status
A31: Total Lease Expirations | B31: =COUNTA(A4:A27) -> 24
A32: Renewals Signed | B32: =COUNTA(Q4:Q27) -> 12 | C32: =IFERROR(B32/B31,"-") -> 0.5 | D32: =IFERROR(B32/(B32+B33),"-") -> 0.57142857 | E32: =IF(B31=0,"Awaiting data",IF(B32/B31>=0.6,"On Track ✓","Needs Attention ⚠")) -> Needs Attention ⚠
A33: NTV's Received | B33: =COUNTA(S4:S27) -> 9 | C33: =IFERROR(B33/B31,"-") -> 0.375 | D33: =IFERROR(B33/(B32+B33),"-") -> 0.42857143 | E33: =IF(B31=0,"Awaiting data",IF(B33/B31<=0.2,"Acceptable","High NTV ⚠")) -> High NTV ⚠
A34: Transfers | B34: =COUNTA(R4:R27) -> 0 | C34: =IFERROR(B34/B31,"-") -> 0 | D34: — | E34: Resident retained in portfolio
A35: Pending / Not Yet Decided | B35: =MAX(0,B31-B32-B33-B34) -> 3 | C35: =IFERROR(B35/B31,"-") -> 0.125 | D35: — | E35: =IF(B35=0,"All accounted for ✓","Follow up needed") -> Follow up needed
A37: RETENTION RATE (Renewals ÷ Total Expirations) | C37: =IFERROR(B32/B31,"-") -> 0.5 | D37: =IF(B31=0,"Enter resident data to calculate",IF(B32/B31>=0.6,"✓ Meeting target retention","⚠ Below target — review offers")) -> ⚠ Below target — review offers
A38: RETENTION RATE (Renewals ÷ Renewals + NTVs) ← of decided residents | C38: =IFERROR(B32/(B32+B33),"-") -> 0.57142857 | D38: Excludes pending residents — only counts those who have made a decision (renewed or NTV'd)
A41: Legend
A42: Renewed (auto: enter date in Renewal Signed)
A43: Pending Signature (manual: apply yellow fill)
A44: NTV / Notice to Vacate (auto: enter date in NTV Rcv'd)
A45: Transfer (auto: enter date in Transfer)
A46: MTM / Month-to-Month (manual: apply gray fill)

Sheet July 2026
A1: =SETUP!B3&" - "&SETUP!B4&" Renewals" -> RISE Bartram Park - April 2026 Renewals
A2: Name | B2: Unit | C2: Unit Type | D2: Expiration Date | E2: 90-Day Notice | F2: 60-Day Notice | G2: 30-Day Notice | H2: Deposit Held | I2: Current Rate | J2: Recommended Offer | K2: Investor Override % Increase | L2: Investor Override Offer | M2: Offer 1 Conservative | N2: Offer 2 Balanced | O2: Offer 3 Aggressive | P2: Signed Offer | Q2: Renewal Signed | R2: Transfer | S2: NTV Rcv'd | T2: Phone | U2: Notes | V2: Market Rate | W2: Budget | X2: Occupancy (Under/Over) | Y2: Rent Growth Offer 1 | Z2: Rent Growth Offer 2 | AA2: Rent Growth Offer 3 | AB2: Signed Rent Growth
A3: ▼ Enter | B3: ▼ Enter | C3: ▼ Enter | D3: ▼ Enter | E3: ◀ Auto | F3: ◀ Auto | G3: ◀ Auto | H3: ▼ Enter | I3: ▼ Enter | J3: ◀ Auto | K3: ▼ Enter | L3: ◀ Auto | M3: ◀ Auto | N3: ◀ Auto | O3: ◀ Auto | P3: ▼ Select | Q3: ▼ Enter | R3: ▼ Enter | S3: ▼ Enter | T3: ▼ Enter | U3: ▼ Enter | V3: ◀ Auto | W3: ◀ Auto | X3: ◀ Auto | Y3: ◀ Auto | Z3: ◀ Auto | AA3: ◀ Auto | AB3: ◀ Auto
A4: Kennedy, Samantha | B4: 3-3317 | C4: A1 | D4: 46206 | E4: =IF(D4="","",D4-90) -> 46116 | F4: =IF(D4="","",D4-60) -> 46146 | G4: =IF(D4="","",D4-30) -> 46176 | H4: 0 | I4: 1483 | J4: =IF(I4="","",IF(ABS(N4-W4)<=ABS(M4-W4),IF(ABS(N4-W4)<=ABS(O4-W4),"Offer 2","Offer 3"),IF(ABS(M4-W4)<=ABS(O4-W4),"Offer 1","Offer 3"))) -> Offer 1 | K4: 0 | L4: =IF(OR(I4="",K4=""),"",CEILING(I4*(1+K4),5)) -> 1485 | M4: =IF(I4="","",IF(X4="Under",CEILING(MAX(I4*1.02,MIN(V4,W4)*0.95),5),CEILING(MAX(I4*1.03,MIN(V4,W4)*0.97),5))) -> 1515 | N4: =IF(I4="","",IF(X4="Under",CEILING(MAX(I4*1.03,(V4+W4)/2*0.96),5),CEILING(MAX(I4*1.05,(V4+W4)/2*0.98),5))) -> 1530 | O4: =IF(I4="","",IF(X4="Under",CEILING(MAX(I4*1.05,MIN(V4,W4*1.01)),5),CEILING(MAX(I4*1.08,MIN(V4,W4*1.02)),5))) -> 1560 | T4: (908) 721-2177 | U4: 4/4 Sent 1st offers 0% increase, one month free | V4: =IF(C4="","",IFERROR(VLOOKUP(C4,SETUP!$A$9:$D$24,2,0),"⚠ Check SETUP")) -> 1595 | W4: =IF(C4="","",IFERROR(VLOOKUP(C4,SETUP!$A$9:$D$24,3,0),"⚠ Check SETUP")) -> 1504 | X4: =IF(C4="","",IFERROR(VLOOKUP(C4,SETUP!$A$9:$D$24,4,0),"⚠ Check SETUP")) -> Under | Y4: =IF(OR(I4="",M4=""),"",(M4-I4)/I4) -> 0.021577883 | Z4: =IF(OR(I4="",N4=""),"",(N4-I4)/I4) -> 0.031692515 | AA4: =IF(OR(I4="",O4=""),"",(O4-I4)/I4) -> 0.05192178 | AB4: =IF(OR(Q4="",S4<>"",P4="",I4=""),"",IF(P4="Investor Override",IF(L4="","",(L4-I4)/I4),IF(P4="Offer 1",IF(M4="","",(M4-I4)/I4),IF(P4="Offer 2",IF(N4="","",(N4-I4)/I4),IF(P4="Offer 3",IF(O4="","",(O4-I4)/I4),"")))))
A5: Levin, Michael | B5: 3-3112 | C5: A1 | D5: 46206 | E5: =IF(D5="","",D5-90) -> 46116 | F5: =IF(D5="","",D5-60) -> 46146 | G5: =IF(D5="","",D5-30) -> 46176 | H5: 0 | I5: 1500 | J5: =IF(I5="","",IF(ABS(N5-W5)<=ABS(M5-W5),IF(ABS(N5-W5)<=ABS(O5-W5),"Offer 2","Offer 3"),IF(ABS(M5-W5)<=ABS(O5-W5),"Offer 1","Offer 3"))) -> Offer 1 | K5: 0 | L5: =IF(OR(I5="",K5=""),"",CEILING(I5*(1+K5),5)) -> 1500 | M5: =IF(I5="","",IF(X5="Under",CEILING(MAX(I5*1.02,MIN(V5,W5)*0.95),5),CEILING(MAX(I5*1.03,MIN(V5,W5)*0.97),5))) -> 1530 | N5: =IF(I5="","",IF(X5="Under",CEILING(MAX(I5*1.03,(V5+W5)/2*0.96),5),CEILING(MAX(I5*1.05,(V5+W5)/2*0.98),5))) -> 1545 | O5: =IF(I5="","",IF(X5="Under",CEILING(MAX(I5*1.05,MIN(V5,W5*1.01)),5),CEILING(MAX(I5*1.08,MIN(V5,W5*1.02)),5))) -> 1575 | P5: Investor Override | Q5: 46120 | T5: (386) 283-3106 | U5: 13 months / 0% increase / One month concession | V5: =IF(C5="","",IFERROR(VLOOKUP(C5,SETUP!$A$9:$D$24,2,0),"⚠ Check SETUP")) -> 1595 | W5: =IF(C5="","",IFERROR(VLOOKUP(C5,SETUP!$A$9:$D$24,3,0),"⚠ Check SETUP")) -> 1504 | X5: =IF(C5="","",IFERROR(VLOOKUP(C5,SETUP!$A$9:$D$24,4,0),"⚠ Check SETUP")) -> Under | Y5: =IF(OR(I5="",M5=""),"",(M5-I5)/I5) -> 0.02 | Z5: =IF(OR(I5="",N5=""),"",(N5-I5)/I5) -> 0.03 | AA5: =IF(OR(I5="",O5=""),"",(O5-I5)/I5) -> 0.05 | AB5: =IF(OR(Q5="",S5<>"",P5="",I5=""),"",IF(P5="Investor Override",IF(L5="","",(L5-I5)/I5),IF(P5="Offer 1",IF(M5="","",(M5-I5)/I5),IF(P5="Offer 2",IF(N5="","",(N5-I5)/I5),IF(P5="Offer 3",IF(O5="","",(O5-I5)/I5),""))))) -> 0
A6: Cordero, Steven | B6: 1-1129 | C6: B2 | D6: 46207 | E6: =IF(D6="","",D6-90) -> 46117 | F6: =IF(D6="","",D6-60) -> 46147 | G6: =IF(D6="","",D6-30) -> 46177 | H6: 1796 | I6: 1847 | J6: =IF(I6="","",IF(ABS(N6-W6)<=ABS(M6-W6),IF(ABS(N6-W6)<=ABS(O6-W6),"Offer 2","Offer 3"),IF(ABS(M6-W6)<=ABS(O6-W6),"Offer 1","Offer 3"))) -> Offer 1 | K6: 0 | L6: 1847 | M6: =IF(I6="","",IF(X6="Under",CEILING(MAX(I6*1.02,MIN(V6,W6)*0.95),5),CEILING(MAX(I6*1.03,MIN(V6,W6)*0.97),5))) -> 1885 | N6: =IF(I6="","",IF(X6="Under",CEILING(MAX(I6*1.03,(V6+W6)/2*0.96),5),CEILING(MAX(I6*1.05,(V6+W6)/2*0.98),5))) -> 1905 | O6: =IF(I6="","",IF(X6="Under",CEILING(MAX(I6*1.05,MIN(V6,W6*1.01)),5),CEILING(MAX(I6*1.08,MIN(V6,W6*1.02)),5))) -> 1940 | P6: Investor Override | Q6: 46116 | T6: (904) 678-3203 | U6: 15 months / 0% increase / One month concession | V6: =IF(C6="","",IFERROR(VLOOKUP(C6,SETUP!$A$9:$D$24,2,0),"⚠ Check SETUP")) -> 1595 | W6: =IF(C6="","",IFERROR(VLOOKUP(C6,SETUP!$A$9:$D$24,3,0),"⚠ Check SETUP")) -> 1806 | X6: =IF(C6="","",IFERROR(VLOOKUP(C6,SETUP!$A$9:$D$24,4,0),"⚠ Check SETUP")) -> Under | Y6: =IF(OR(I6="",M6=""),"",(M6-I6)/I6) -> 0.020573904 | Z6: =IF(OR(I6="",N6=""),"",(N6-I6)/I6) -> 0.031402274 | AA6: =IF(OR(I6="",O6=""),"",(O6-I6)/I6) -> 0.050351922 | AB6: =IF(OR(Q6="",S6<>"",P6="",I6=""),"",IF(P6="Investor Override",IF(L6="","",(L6-I6)/I6),IF(P6="Offer 1",IF(M6="","",(M6-I6)/I6),IF(P6="Offer 2",IF(N6="","",(N6-I6)/I6),IF(P6="Offer 3",IF(O6="","",(O6-I6)/I6),""))))) -> 0
A7: Nostrates, Edward Paul | B7: 1-1117 | C7: B2 | D7: 46208 | E7: =IF(D7="","",D7-90) -> 46118 | F7: =IF(D7="","",D7-60) -> 46148 | G7: =IF(D7="","",D7-30) -> 46178 | H7: 0 | I7: 1807 | J7: =IF(I7="","",IF(ABS(N7-W7)<=ABS(M7-W7),IF(ABS(N7-W7)<=ABS(O7-W7),"Offer 2","Offer 3"),IF(ABS(M7-W7)<=ABS(O7-W7),"Offer 1","Offer 3"))) -> Offer 1 | K7: 0 | L7: 1807 | M7: =IF(I7="","",IF(X7="Under",CEILING(MAX(I7*1.02,MIN(V7,W7)*0.95),5),CEILING(MAX(I7*1.03,MIN(V7,W7)*0.97),5))) -> 1845 | N7: =IF(I7="","",IF(X7="Under",CEILING(MAX(I7*1.03,(V7+W7)/2*0.96),5),CEILING(MAX(I7*1.05,(V7+W7)/2*0.98),5))) -> 1865 | O7: =IF(I7="","",IF(X7="Under",CEILING(MAX(I7*1.05,MIN(V7,W7*1.01)),5),CEILING(MAX(I7*1.08,MIN(V7,W7*1.02)),5))) -> 1900 | P7: Investor Override | Q7: 46120 | T7: (904) 742-2648 | U7: 12 months / 0% increase / One month concession | V7: =IF(C7="","",IFERROR(VLOOKUP(C7,SETUP!$A$9:$D$24,2,0),"⚠ Check SETUP")) -> 1595 | W7: =IF(C7="","",IFERROR(VLOOKUP(C7,SETUP!$A$9:$D$24,3,0),"⚠ Check SETUP")) -> 1806 | X7: =IF(C7="","",IFERROR(VLOOKUP(C7,SETUP!$A$9:$D$24,4,0),"⚠ Check SETUP")) -> Under | Y7: =IF(OR(I7="",M7=""),"",(M7-I7)/I7) -> 0.02102933 | Z7: =IF(OR(I7="",N7=""),"",(N7-I7)/I7) -> 0.032097399 | AA7: =IF(OR(I7="",O7=""),"",(O7-I7)/I7) -> 0.051466519 | AB7: =IF(OR(Q7="",S7<>"",P7="",I7=""),"",IF(P7="Investor Override",IF(L7="","",(L7-I7)/I7),IF(P7="Offer 1",IF(M7="","",(M7-I7)/I7),IF(P7="Offer 2",IF(N7="","",(N7-I7)/I7),IF(P7="Offer 3",IF(O7="","",(O7-I7)/I7),""))))) -> 0
A8: Masters, Margaret | B8: 3-3303 | C8: B2 | D8: 46212 | E8: =IF(D8="","",D8-90) -> 46122 | F8: =IF(D8="","",D8-60) -> 46152 | G8: =IF(D8="","",D8-30) -> 46182 | H8: 0 | I8: 1625 | J8: =IF(I8="","",IF(ABS(N8-W8)<=ABS(M8-W8),IF(ABS(N8-W8)<=ABS(O8-W8),"Offer 2","Offer 3"),IF(ABS(M8-W8)<=ABS(O8-W8),"Offer 1","Offer 3"))) -> Offer 3 | K8: 0 | L8: =IF(OR(I8="",K8=""),"",CEILING(I8*(1+K8),5)) -> 1625 | M8: =IF(I8="","",IF(X8="Under",CEILING(MAX(I8*1.02,MIN(V8,W8)*0.95),5),CEILING(MAX(I8*1.03,MIN(V8,W8)*0.97),5))) -> 1660 | N8: =IF(I8="","",IF(X8="Under",CEILING(MAX(I8*1.03,(V8+W8)/2*0.96),5),CEILING(MAX(I8*1.05,(V8+W8)/2*0.98),5))) -> 1675 | O8: =IF(I8="","",IF(X8="Under",CEILING(MAX(I8*1.05,MIN(V8,W8*1.01)),5),CEILING(MAX(I8*1.08,MIN(V8,W8*1.02)),5))) -> 1710 | T8: (719) 433-5642 | U8: Wants more time to think about it | V8: =IF(C8="","",IFERROR(VLOOKUP(C8,SETUP!$A$9:$D$24,2,0),"⚠ Check SETUP")) -> 1595 | W8: =IF(C8="","",IFERROR(VLOOKUP(C8,SETUP!$A$9:$D$24,3,0),"⚠ Check SETUP")) -> 1806 | X8: =IF(C8="","",IFERROR(VLOOKUP(C8,SETUP!$A$9:$D$24,4,0),"⚠ Check SETUP")) -> Under | Y8: =IF(OR(I8="",M8=""),"",(M8-I8)/I8) -> 0.021538462 | Z8: =IF(OR(I8="",N8=""),"",(N8-I8)/I8) -> 0.030769231 | AA8: =IF(OR(I8="",O8=""),"",(O8-I8)/I8) -> 0.052307692 | AB8: =IF(OR(Q8="",S8<>"",P8="",I8=""),"",IF(P8="Investor Override",IF(L8="","",(L8-I8)/I8),IF(P8="Offer 1",IF(M8="","",(M8-I8)/I8),IF(P8="Offer 2",IF(N8="","",(N8-I8)/I8),IF(P8="Offer 3",IF(O8="","",(O8-I8)/I8),"")))))
A9: Skinner, Colleen | B9: 1-1316 | C9: B2 | D9: 46214 | E9: =IF(D9="","",D9-90) -> 46124 | F9: =IF(D9="","",D9-60) -> 46154 | G9: =IF(D9="","",D9-30) -> 46184 | H9: 0 | I9: 1782 | J9: =IF(I9="","",IF(ABS(N9-W9)<=ABS(M9-W9),IF(ABS(N9-W9)<=ABS(O9-W9),"Offer 2","Offer 3"),IF(ABS(M9-W9)<=ABS(O9-W9),"Offer 1","Offer 3"))) -> Offer 1 | K9: 0 | L9: 1782 | M9: =IF(I9="","",IF(X9="Under",CEILING(MAX(I9*1.02,MIN(V9,W9)*0.95),5),CEILING(MAX(I9*1.03,MIN(V9,W9)*0.97),5))) -> 1820 | N9: =IF(I9="","",IF(X9="Under",CEILING(MAX(I9*1.03,(V9+W9)/2*0.96),5),CEILING(MAX(I9*1.05,(V9+W9)/2*0.98),5))) -> 1840 | O9: =IF(I9="","",IF(X9="Under",CEILING(MAX(I9*1.05,MIN(V9,W9*1.01)),5),CEILING(MAX(I9*1.08,MIN(V9,W9*1.02)),5))) -> 1875 | P9: Investor Override | Q9: 46120 | T9: (904) 327-3939 | U9: 15 months / 0% increase / One month concession | V9: =IF(C9="","",IFERROR(VLOOKUP(C9,SETUP!$A$9:$D$24,2,0),"⚠ Check SETUP")) -> 1595 | W9: =IF(C9="","",IFERROR(VLOOKUP(C9,SETUP!$A$9:$D$24,3,0),"⚠ Check SETUP")) -> 1806 | X9: =IF(C9="","",IFERROR(VLOOKUP(C9,SETUP!$A$9:$D$24,4,0),"⚠ Check SETUP")) -> Under | Y9: =IF(OR(I9="",M9=""),"",(M9-I9)/I9) -> 0.021324355 | Z9: =IF(OR(I9="",N9=""),"",(N9-I9)/I9) -> 0.032547699 | AA9: =IF(OR(I9="",O9=""),"",(O9-I9)/I9) -> 0.052188552 | AB9: =IF(OR(Q9="",S9<>"",P9="",I9=""),"",IF(P9="Investor Override",IF(L9="","",(L9-I9)/I9),IF(P9="Offer 1",IF(M9="","",(M9-I9)/I9),IF(P9="Offer 2",IF(N9="","",(N9-I9)/I9),IF(P9="Offer 3",IF(O9="","",(O9-I9)/I9),""))))) -> 0
A10: Esquierdo, John | B10: 3-3304 | C10: B2 | D10: 46214 | E10: =IF(D10="","",D10-90) -> 46124 | F10: =IF(D10="","",D10-60) -> 46154 | G10: =IF(D10="","",D10-30) -> 46184 | H10: 0 | I10: 1645 | J10: =IF(I10="","",IF(ABS(N10-W10)<=ABS(M10-W10),IF(ABS(N10-W10)<=ABS(O10-W10),"Offer 2","Offer 3"),IF(ABS(M10-W10)<=ABS(O10-W10),"Offer 1","Offer 3"))) -> Offer 3 | K10: 0 | L10: =IF(OR(I10="",K10=""),"",CEILING(I10*(1+K10),5)) -> 1645 | M10: =IF(I10="","",IF(X10="Under",CEILING(MAX(I10*1.02,MIN(V10,W10)*0.95),5),CEILING(MAX(I10*1.03,MIN(V10,W10)*0.97),5))) -> 1680 | N10: =IF(I10="","",IF(X10="Under",CEILING(MAX(I10*1.03,(V10+W10)/2*0.96),5),CEILING(MAX(I10*1.05,(V10+W10)/2*0.98),5))) -> 1695 | O10: =IF(I10="","",IF(X10="Under",CEILING(MAX(I10*1.05,MIN(V10,W10*1.01)),5),CEILING(MAX(I10*1.08,MIN(V10,W10*1.02)),5))) -> 1730 | P10: Investor Override | Q10: 46120 | T10: (904) 226-1984 | U10: 12 months / 0% increase / One month concession | V10: =IF(C10="","",IFERROR(VLOOKUP(C10,SETUP!$A$9:$D$24,2,0),"⚠ Check SETUP")) -> 1595 | W10: =IF(C10="","",IFERROR(VLOOKUP(C10,SETUP!$A$9:$D$24,3,0),"⚠ Check SETUP")) -> 1806 | X10: =IF(C10="","",IFERROR(VLOOKUP(C10,SETUP!$A$9:$D$24,4,0),"⚠ Check SETUP")) -> Under | Y10: =IF(OR(I10="",M10=""),"",(M10-I10)/I10) -> 0.021276596 | Z10: =IF(OR(I10="",N10=""),"",(N10-I10)/I10) -> 0.030395137 | AA10: =IF(OR(I10="",O10=""),"",(O10-I10)/I10) -> 0.051671733 | AB10: =IF(OR(Q10="",S10<>"",P10="",I10=""),"",IF(P10="Investor Override",IF(L10="","",(L10-I10)/I10),IF(P10="Offer 1",IF(M10="","",(M10-I10)/I10),IF(P10="Offer 2",IF(N10="","",(N10-I10)/I10),IF(P10="Offer 3",IF(O10="","",(O10-I10)/I10),""))))) -> 0
A11: Vredenburg, Ethan | B11: 1-1409 | C11: S2 | D11: 46215 | E11: =IF(D11="","",D11-90) -> 46125 | F11: =IF(D11="","",D11-60) -> 46155 | G11: =IF(D11="","",D11-30) -> 46185 | H11: 500 | I11: 1275 | J11: =IF(I11="","",IF(ABS(N11-W11)<=ABS(M11-W11),IF(ABS(N11-W11)<=ABS(O11-W11),"Offer 2","Offer 3"),IF(ABS(M11-W11)<=ABS(O11-W11),"Offer 1","Offer 3"))) -> Offer 1 | K11: 0 | L11: =IF(OR(I11="",K11=""),"",CEILING(I11*(1+K11),5)) -> 1275 | M11: =IF(I11="","",IF(X11="Under",CEILING(MAX(I11*1.02,MIN(V11,W11)*0.95),5),CEILING(MAX(I11*1.03,MIN(V11,W11)*0.97),5))) -> 1315 | N11: =IF(I11="","",IF(X11="Under",CEILING(MAX(I11*1.03,(V11+W11)/2*0.96),5),CEILING(MAX(I11*1.05,(V11+W11)/2*0.98),5))) -> 1340 | O11: =IF(I11="","",IF(X11="Under",CEILING(MAX(I11*1.05,MIN(V11,W11*1.01)),5),CEILING(MAX(I11*1.08,MIN(V11,W11*1.02)),5))) -> 1380 | T11: (616) 970-2414 | U11: 4/4 Sent 1st offers 0% increase, one month free | V11: =IF(C11="","",IFERROR(VLOOKUP(C11,SETUP!$A$9:$D$24,2,0),"⚠ Check SETUP")) -> 1301 | W11: =IF(C11="","",IFERROR(VLOOKUP(C11,SETUP!$A$9:$D$24,3,0),"⚠ Check SETUP")) -> 1298 | X11: =IF(C11="","",IFERROR(VLOOKUP(C11,SETUP!$A$9:$D$24,4,0),"⚠ Check SETUP")) -> Over | Y11: =IF(OR(I11="",M11=""),"",(M11-I11)/I11) -> 0.031372549 | Z11: =IF(OR(I11="",N11=""),"",(N11-I11)/I11) -> 0.050980392 | AA11: =IF(OR(I11="",O11=""),"",(O11-I11)/I11) -> 0.082352941 | AB11: =IF(OR(Q11="",S11<>"",P11="",I11=""),"",IF(P11="Investor Override",IF(L11="","",(L11-I11)/I11),IF(P11="Offer 1",IF(M11="","",(M11-I11)/I11),IF(P11="Offer 2",IF(N11="","",(N11-I11)/I11),IF(P11="Offer 3",IF(O11="","",(O11-I11)/I11),"")))))
A12: Brown, Cedric | B12: 1-1325 | C12: B1 | D12: 46215 | E12: =IF(D12="","",D12-90) -> 46125 | F12: =IF(D12="","",D12-60) -> 46155 | G12: =IF(D12="","",D12-30) -> 46185 | H12: 0 | I12: 1582 | J12: =IF(I12="","",IF(ABS(N12-W12)<=ABS(M12-W12),IF(ABS(N12-W12)<=ABS(O12-W12),"Offer 2","Offer 3"),IF(ABS(M12-W12)<=ABS(O12-W12),"Offer 1","Offer 3"))) -> Offer 3 | K12: 0 | L12: =IF(OR(I12="",K12=""),"",CEILING(I12*(1+K12),5)) -> 1585 | M12: =IF(I12="","",IF(X12="Under",CEILING(MAX(I12*1.02,MIN(V12,W12)*0.95),5),CEILING(MAX(I12*1.03,MIN(V12,W12)*0.97),5))) -> 1680 | N12: =IF(I12="","",IF(X12="Under",CEILING(MAX(I12*1.03,(V12+W12)/2*0.96),5),CEILING(MAX(I12*1.05,(V12+W12)/2*0.98),5))) -> 1720 | O12: =IF(I12="","",IF(X12="Under",CEILING(MAX(I12*1.05,MIN(V12,W12*1.01)),5),CEILING(MAX(I12*1.08,MIN(V12,W12*1.02)),5))) -> 1785 | T12: (904) 400-0260 | U12: 4/4 Sent 1st offers 0% increase, one month free | V12: =IF(C12="","",IFERROR(VLOOKUP(C12,SETUP!$A$9:$D$24,2,0),"⚠ Check SETUP")) -> 1809 | W12: =IF(C12="","",IFERROR(VLOOKUP(C12,SETUP!$A$9:$D$24,3,0),"⚠ Check SETUP")) -> 1764 | X12: =IF(C12="","",IFERROR(VLOOKUP(C12,SETUP!$A$9:$D$24,4,0),"⚠ Check SETUP")) -> Under | Y12: =IF(OR(I12="",M12=""),"",(M12-I12)/I12) -> 0.061946903 | Z12: =IF(OR(I12="",N12=""),"",(N12-I12)/I12) -> 0.087231353 | AA12: =IF(OR(I12="",O12=""),"",(O12-I12)/I12) -> 0.12831858 | AB12: =IF(OR(Q12="",S12<>"",P12="",I12=""),"",IF(P12="Investor Override",IF(L12="","",(L12-I12)/I12),IF(P12="Offer 1",IF(M12="","",(M12-I12)/I12),IF(P12="Offer 2",IF(N12="","",(N12-I12)/I12),IF(P12="Offer 3",IF(O12="","",(O12-I12)/I12),"")))))
A13: Torrealba, Carlos | B13: 2-2217 | C13: S1 | D13: 46215 | E13: =IF(D13="","",D13-90) -> 46125 | F13: =IF(D13="","",D13-60) -> 46155 | G13: =IF(D13="","",D13-30) -> 46185 | H13: 0 | I13: 1289 | J13: =IF(I13="","",IF(ABS(N13-W13)<=ABS(M13-W13),IF(ABS(N13-W13)<=ABS(O13-W13),"Offer 2","Offer 3"),IF(ABS(M13-W13)<=ABS(O13-W13),"Offer 1","Offer 3"))) -> Offer 3 | K13: 0 | L13: =IF(OR(I13="",K13=""),"",CEILING(I13*(1+K13),5)) -> 1290 | M13: =IF(I13="","",IF(X13="Under",CEILING(MAX(I13*1.02,MIN(V13,W13)*0.95),5),CEILING(MAX(I13*1.03,MIN(V13,W13)*0.97),5))) -> 1315 | N13: =IF(I13="","",IF(X13="Under",CEILING(MAX(I13*1.03,(V13+W13)/2*0.96),5),CEILING(MAX(I13*1.05,(V13+W13)/2*0.98),5))) -> 1330 | O13: =IF(I13="","",IF(X13="Under",CEILING(MAX(I13*1.05,MIN(V13,W13*1.01)),5),CEILING(MAX(I13*1.08,MIN(V13,W13*1.02)),5))) -> 1365 | T13: (954) 243-9866 | U13: Verbal NTV due to moving in with his girlfriend | V13: =IF(C13="","",IFERROR(VLOOKUP(C13,SETUP!$A$9:$D$24,2,0),"⚠ Check SETUP")) -> 1365 | W13: =IF(C13="","",IFERROR(VLOOKUP(C13,SETUP!$A$9:$D$24,3,0),"⚠ Check SETUP")) -> 1377 | X13: =IF(C13="","",IFERROR(VLOOKUP(C13,SETUP!$A$9:$D$24,4,0),"⚠ Check SETUP")) -> Under | Y13: =IF(OR(I13="",M13=""),"",(M13-I13)/I13) -> 0.020170675 | Z13: =IF(OR(I13="",N13=""),"",(N13-I13)/I13) -> 0.031807603 | AA13: =IF(OR(I13="",O13=""),"",(O13-I13)/I13) -> 0.058960434 | AB13: =IF(OR(Q13="",S13<>"",P13="",I13=""),"",IF(P13="Investor Override",IF(L13="","",(L13-I13)/I13),IF(P13="Offer 1",IF(M13="","",(M13-I13)/I13),IF(P13="Offer 2",IF(N13="","",(N13-I13)/I13),IF(P13="Offer 3",IF(O13="","",(O13-I13)/I13),"")))))
A14: Lanoux, Madison | B14: 3-3119 | C14: B3 | D14: 46217 | E14: =IF(D14="","",D14-90) -> 46127 | F14: =IF(D14="","",D14-60) -> 46157 | G14: =IF(D14="","",D14-30) -> 46187 | H14: 0 | I14: 1980.44 | J14: =IF(I14="","",IF(ABS(N14-W14)<=ABS(M14-W14),IF(ABS(N14-W14)<=ABS(O14-W14),"Offer 2","Offer 3"),IF(ABS(M14-W14)<=ABS(O14-W14),"Offer 1","Offer 3"))) -> Offer 1 | K14: 0 | L14: =IF(OR(I14="",K14=""),"",CEILING(I14*(1+K14),5)) -> 1985 | M14: =IF(I14="","",IF(X14="Under",CEILING(MAX(I14*1.02,MIN(V14,W14)*0.95),5),CEILING(MAX(I14*1.03,MIN(V14,W14)*0.97),5))) -> 2025 | N14: =IF(I14="","",IF(X14="Under",CEILING(MAX(I14*1.03,(V14+W14)/2*0.96),5),CEILING(MAX(I14*1.05,(V14+W14)/2*0.98),5))) -> 2040 | O14: =IF(I14="","",IF(X14="Under",CEILING(MAX(I14*1.05,MIN(V14,W14*1.01)),5),CEILING(MAX(I14*1.08,MIN(V14,W14*1.02)),5))) -> 2080 | T14: (904) 505-7598 | U14: 4/4 Sent 1st offers 0% increase, one month free | V14: =IF(C14="","",IFERROR(VLOOKUP(C14,SETUP!$A$9:$D$24,2,0),"⚠ Check SETUP")) -> 1880 | W14: =IF(C14="","",IFERROR(VLOOKUP(C14,SETUP!$A$9:$D$24,3,0),"⚠ Check SETUP")) -> 1976 | X14: =IF(C14="","",IFERROR(VLOOKUP(C14,SETUP!$A$9:$D$24,4,0),"⚠ Check SETUP")) -> Under | Y14: =IF(OR(I14="",M14=""),"",(M14-I14)/I14) -> 0.02250005 | Z14: =IF(OR(I14="",N14=""),"",(N14-I14)/I14) -> 0.030074125 | AA14: =IF(OR(I14="",O14=""),"",(O14-I14)/I14) -> 0.050271657 | AB14: =IF(OR(Q14="",S14<>"",P14="",I14=""),"",IF(P14="Investor Override",IF(L14="","",(L14-I14)/I14),IF(P14="Offer 1",IF(M14="","",(M14-I14)/I14),IF(P14="Offer 2",IF(N14="","",(N14-I14)/I14),IF(P14="Offer 3",IF(O14="","",(O14-I14)/I14),"")))))
A15: Rich, Angela | B15: 2-2409 | C15: C1 | D15: 46218 | E15: =IF(D15="","",D15-90) -> 46128 | F15: =IF(D15="","",D15-60) -> 46158 | G15: =IF(D15="","",D15-30) -> 46188 | H15: 0 | I15: 2268 | J15: =IF(I15="","",IF(ABS(N15-W15)<=ABS(M15-W15),IF(ABS(N15-W15)<=ABS(O15-W15),"Offer 2","Offer 3"),IF(ABS(M15-W15)<=ABS(O15-W15),"Offer 1","Offer 3"))) -> Offer 2 | K15: 0 | L15: =IF(OR(I15="",K15=""),"",CEILING(I15*(1+K15),5)) -> 2270 | M15: =IF(I15="","",IF(X15="Under",CEILING(MAX(I15*1.02,MIN(V15,W15)*0.95),5),CEILING(MAX(I15*1.03,MIN(V15,W15)*0.97),5))) -> 2315 | N15: =IF(I15="","",IF(X15="Under",CEILING(MAX(I15*1.03,(V15+W15)/2*0.96),5),CEILING(MAX(I15*1.05,(V15+W15)/2*0.98),5))) -> 2340 | O15: =IF(I15="","",IF(X15="Under",CEILING(MAX(I15*1.05,MIN(V15,W15*1.01)),5),CEILING(MAX(I15*1.08,MIN(V15,W15*1.02)),5))) -> 2385 | T15: (904) 684-9247 | U15: 4/4 Sent 1st offers 0% increase, one month free | V15: =IF(C15="","",IFERROR(VLOOKUP(C15,SETUP!$A$9:$D$24,2,0),"⚠ Check SETUP")) -> 2406 | W15: =IF(C15="","",IFERROR(VLOOKUP(C15,SETUP!$A$9:$D$24,3,0),"⚠ Check SETUP")) -> 2361 | X15: =IF(C15="","",IFERROR(VLOOKUP(C15,SETUP!$A$9:$D$24,4,0),"⚠ Check SETUP")) -> Under | Y15: =IF(OR(I15="",M15=""),"",(M15-I15)/I15) -> 0.020723104 | Z15: =IF(OR(I15="",N15=""),"",(N15-I15)/I15) -> 0.031746032 | AA15: =IF(OR(I15="",O15=""),"",(O15-I15)/I15) -> 0.051587302 | AB15: =IF(OR(Q15="",S15<>"",P15="",I15=""),"",IF(P15="Investor Override",IF(L15="","",(L15-I15)/I15),IF(P15="Offer 1",IF(M15="","",(M15-I15)/I15),IF(P15="Offer 2",IF(N15="","",(N15-I15)/I15),IF(P15="Offer 3",IF(O15="","",(O15-I15)/I15),"")))))
A16: Thomas, Georgiana | B16: 1-1338 | C16: C1 | D16: 46218 | E16: =IF(D16="","",D16-90) -> 46128 | F16: =IF(D16="","",D16-60) -> 46158 | G16: =IF(D16="","",D16-30) -> 46188 | H16: 2412 | I16: 2507.06 | J16: =IF(I16="","",IF(ABS(N16-W16)<=ABS(M16-W16),IF(ABS(N16-W16)<=ABS(O16-W16),"Offer 2","Offer 3"),IF(ABS(M16-W16)<=ABS(O16-W16),"Offer 1","Offer 3"))) -> Offer 1 | K16: 0 | L16: =IF(OR(I16="",K16=""),"",CEILING(I16*(1+K16),5)) -> 2510 | M16: =IF(I16="","",IF(X16="Under",CEILING(MAX(I16*1.02,MIN(V16,W16)*0.95),5),CEILING(MAX(I16*1.03,MIN(V16,W16)*0.97),5))) -> 2560 | N16: =IF(I16="","",IF(X16="Under",CEILING(MAX(I16*1.03,(V16+W16)/2*0.96),5),CEILING(MAX(I16*1.05,(V16+W16)/2*0.98),5))) -> 2585 | O16: =IF(I16="","",IF(X16="Under",CEILING(MAX(I16*1.05,MIN(V16,W16*1.01)),5),CEILING(MAX(I16*1.08,MIN(V16,W16*1.02)),5))) -> 2635 | T16: (904) 861-7950 | U16: 4/4 Sent 1st offers 0% increase, one month free | V16: =IF(C16="","",IFERROR(VLOOKUP(C16,SETUP!$A$9:$D$24,2,0),"⚠ Check SETUP")) -> 2406 | W16: =IF(C16="","",IFERROR(VLOOKUP(C16,SETUP!$A$9:$D$24,3,0),"⚠ Check SETUP")) -> 2361 | X16: =IF(C16="","",IFERROR(VLOOKUP(C16,SETUP!$A$9:$D$24,4,0),"⚠ Check SETUP")) -> Under | Y16: =IF(OR(I16="",M16=""),"",(M16-I16)/I16) -> 0.021116367 | Z16: =IF(OR(I16="",N16=""),"",(N16-I16)/I16) -> 0.031088207 | AA16: =IF(OR(I16="",O16=""),"",(O16-I16)/I16) -> 0.051031886 | AB16: =IF(OR(Q16="",S16<>"",P16="",I16=""),"",IF(P16="Investor Override",IF(L16="","",(L16-I16)/I16),IF(P16="Offer 1",IF(M16="","",(M16-I16)/I16),IF(P16="Offer 2",IF(N16="","",(N16-I16)/I16),IF(P16="Offer 3",IF(O16="","",(O16-I16)/I16),"")))))
A17: Henry, Mckenzie | B17: 1-1318 | C17: A1 | D17: 46222 | E17: =IF(D17="","",D17-90) -> 46132 | F17: =IF(D17="","",D17-60) -> 46162 | G17: =IF(D17="","",D17-30) -> 46192 | H17: 0 | I17: 1526 | J17: =IF(I17="","",IF(ABS(N17-W17)<=ABS(M17-W17),IF(ABS(N17-W17)<=ABS(O17-W17),"Offer 2","Offer 3"),IF(ABS(M17-W17)<=ABS(O17-W17),"Offer 1","Offer 3"))) -> Offer 1 | K17: 0 | L17: 1526 | M17: =IF(I17="","",IF(X17="Under",CEILING(MAX(I17*1.02,MIN(V17,W17)*0.95),5),CEILING(MAX(I17*1.03,MIN(V17,W17)*0.97),5))) -> 1560 | N17: =IF(I17="","",IF(X17="Under",CEILING(MAX(I17*1.03,(V17+W17)/2*0.96),5),CEILING(MAX(I17*1.05,(V17+W17)/2*0.98),5))) -> 1575 | O17: =IF(I17="","",IF(X17="Under",CEILING(MAX(I17*1.05,MIN(V17,W17*1.01)),5),CEILING(MAX(I17*1.08,MIN(V17,W17*1.02)),5))) -> 1605 | P17: Investor Override | Q17: 46122 | T17: (954) 248-0044 | U17: 12 months / 0% increase / One month concession | V17: =IF(C17="","",IFERROR(VLOOKUP(C17,SETUP!$A$9:$D$24,2,0),"⚠ Check SETUP")) -> 1595 | W17: =IF(C17="","",IFERROR(VLOOKUP(C17,SETUP!$A$9:$D$24,3,0),"⚠ Check SETUP")) -> 1504 | X17: =IF(C17="","",IFERROR(VLOOKUP(C17,SETUP!$A$9:$D$24,4,0),"⚠ Check SETUP")) -> Under | Y17: =IF(OR(I17="",M17=""),"",(M17-I17)/I17) -> 0.022280472 | Z17: =IF(OR(I17="",N17=""),"",(N17-I17)/I17) -> 0.032110092 | AA17: =IF(OR(I17="",O17=""),"",(O17-I17)/I17) -> 0.051769332 | AB17: =IF(OR(Q17="",S17<>"",P17="",I17=""),"",IF(P17="Investor Override",IF(L17="","",(L17-I17)/I17),IF(P17="Offer 1",IF(M17="","",(M17-I17)/I17),IF(P17="Offer 2",IF(N17="","",(N17-I17)/I17),IF(P17="Offer 3",IF(O17="","",(O17-I17)/I17),""))))) -> 0
A18: Patel, Pravakinkumar | B18: 2-2232 | C18: B3 | D18: 46227 | E18: =IF(D18="","",D18-90) -> 46137 | F18: =IF(D18="","",D18-60) -> 46167 | G18: =IF(D18="","",D18-30) -> 46197 | H18: 0 | I18: 1916 | J18: =IF(I18="","",IF(ABS(N18-W18)<=ABS(M18-W18),IF(ABS(N18-W18)<=ABS(O18-W18),"Offer 2","Offer 3"),IF(ABS(M18-W18)<=ABS(O18-W18),"Offer 1","Offer 3"))) -> Offer 2 | K18: 0 | L18: =IF(OR(I18="",K18=""),"",CEILING(I18*(1+K18),5)) -> 1920 | M18: =IF(I18="","",IF(X18="Under",CEILING(MAX(I18*1.02,MIN(V18,W18)*0.95),5),CEILING(MAX(I18*1.03,MIN(V18,W18)*0.97),5))) -> 1955 | N18: =IF(I18="","",IF(X18="Under",CEILING(MAX(I18*1.03,(V18+W18)/2*0.96),5),CEILING(MAX(I18*1.05,(V18+W18)/2*0.98),5))) -> 1975 | O18: =IF(I18="","",IF(X18="Under",CEILING(MAX(I18*1.05,MIN(V18,W18*1.01)),5),CEILING(MAX(I18*1.08,MIN(V18,W18*1.02)),5))) -> 2015 | R18: 46162 | T18: (904) 874-4495 | U18: TOS due to downsizing | V18: =IF(C18="","",IFERROR(VLOOKUP(C18,SETUP!$A$9:$D$24,2,0),"⚠ Check SETUP")) -> 1880 | W18: =IF(C18="","",IFERROR(VLOOKUP(C18,SETUP!$A$9:$D$24,3,0),"⚠ Check SETUP")) -> 1976 | X18: =IF(C18="","",IFERROR(VLOOKUP(C18,SETUP!$A$9:$D$24,4,0),"⚠ Check SETUP")) -> Under | Y18: =IF(OR(I18="",M18=""),"",(M18-I18)/I18) -> 0.020354906 | Z18: =IF(OR(I18="",N18=""),"",(N18-I18)/I18) -> 0.030793319 | AA18: =IF(OR(I18="",O18=""),"",(O18-I18)/I18) -> 0.051670146 | AB18: =IF(OR(Q18="",S18<>"",P18="",I18=""),"",IF(P18="Investor Override",IF(L18="","",(L18-I18)/I18),IF(P18="Offer 1",IF(M18="","",(M18-I18)/I18),IF(P18="Offer 2",IF(N18="","",(N18-I18)/I18),IF(P18="Offer 3",IF(O18="","",(O18-I18)/I18),"")))))
A19: Masciantonio, Jessica | B19: 2-2332 | C19: B3 | D19: 46229 | E19: =IF(D19="","",D19-90) -> 46139 | F19: =IF(D19="","",D19-60) -> 46169 | G19: =IF(D19="","",D19-30) -> 46199 | H19: 0 | I19: 1936 | J19: =IF(I19="","",IF(ABS(N19-W19)<=ABS(M19-W19),IF(ABS(N19-W19)<=ABS(O19-W19),"Offer 2","Offer 3"),IF(ABS(M19-W19)<=ABS(O19-W19),"Offer 1","Offer 3"))) -> Offer 1 | K19: 0 | L19: 1936 | M19: =IF(I19="","",IF(X19="Under",CEILING(MAX(I19*1.02,MIN(V19,W19)*0.95),5),CEILING(MAX(I19*1.03,MIN(V19,W19)*0.97),5))) -> 1975 | N19: =IF(I19="","",IF(X19="Under",CEILING(MAX(I19*1.03,(V19+W19)/2*0.96),5),CEILING(MAX(I19*1.05,(V19+W19)/2*0.98),5))) -> 1995 | O19: =IF(I19="","",IF(X19="Under",CEILING(MAX(I19*1.05,MIN(V19,W19*1.01)),5),CEILING(MAX(I19*1.08,MIN(V19,W19*1.02)),5))) -> 2035 | P19: Investor Override | Q19: 46122 | T19: (904) 599-7807 | U19: 15 months / 0% increase / One month concession | V19: =IF(C19="","",IFERROR(VLOOKUP(C19,SETUP!$A$9:$D$24,2,0),"⚠ Check SETUP")) -> 1880 | W19: =IF(C19="","",IFERROR(VLOOKUP(C19,SETUP!$A$9:$D$24,3,0),"⚠ Check SETUP")) -> 1976 | X19: =IF(C19="","",IFERROR(VLOOKUP(C19,SETUP!$A$9:$D$24,4,0),"⚠ Check SETUP")) -> Under | Y19: =IF(OR(I19="",M19=""),"",(M19-I19)/I19) -> 0.020144628 | Z19: =IF(OR(I19="",N19=""),"",(N19-I19)/I19) -> 0.030475207 | AA19: =IF(OR(I19="",O19=""),"",(O19-I19)/I19) -> 0.051136364 | AB19: =IF(OR(Q19="",S19<>"",P19="",I19=""),"",IF(P19="Investor Override",IF(L19="","",(L19-I19)/I19),IF(P19="Offer 1",IF(M19="","",(M19-I19)/I19),IF(P19="Offer 2",IF(N19="","",(N19-I19)/I19),IF(P19="Offer 3",IF(O19="","",(O19-I19)/I19),""))))) -> 0
A20: Slama, Azer | B20: 1-1237 | C20: A1 | D20: 46231 | E20: =IF(D20="","",D20-90) -> 46141 | F20: =IF(D20="","",D20-60) -> 46171 | G20: =IF(D20="","",D20-30) -> 46201 | H20: 0 | I20: 1545 | J20: =IF(I20="","",IF(ABS(N20-W20)<=ABS(M20-W20),IF(ABS(N20-W20)<=ABS(O20-W20),"Offer 2","Offer 3"),IF(ABS(M20-W20)<=ABS(O20-W20),"Offer 1","Offer 3"))) -> Offer 1 | K20: 0 | L20: =IF(OR(I20="",K20=""),"",CEILING(I20*(1+K20),5)) -> 1545 | M20: =IF(I20="","",IF(X20="Under",CEILING(MAX(I20*1.02,MIN(V20,W20)*0.95),5),CEILING(MAX(I20*1.03,MIN(V20,W20)*0.97),5))) -> 1580 | N20: =IF(I20="","",IF(X20="Under",CEILING(MAX(I20*1.03,(V20+W20)/2*0.96),5),CEILING(MAX(I20*1.05,(V20+W20)/2*0.98),5))) -> 1595 | O20: =IF(I20="","",IF(X20="Under",CEILING(MAX(I20*1.05,MIN(V20,W20*1.01)),5),CEILING(MAX(I20*1.08,MIN(V20,W20*1.02)),5))) -> 1625 | S20: 46131 | T20: (904) 288-1916 | U20: NTV due to moving closer to work | V20: =IF(C20="","",IFERROR(VLOOKUP(C20,SETUP!$A$9:$D$24,2,0),"⚠ Check SETUP")) -> 1595 | W20: =IF(C20="","",IFERROR(VLOOKUP(C20,SETUP!$A$9:$D$24,3,0),"⚠ Check SETUP")) -> 1504 | X20: =IF(C20="","",IFERROR(VLOOKUP(C20,SETUP!$A$9:$D$24,4,0),"⚠ Check SETUP")) -> Under | Y20: =IF(OR(I20="",M20=""),"",(M20-I20)/I20) -> 0.022653722 | Z20: =IF(OR(I20="",N20=""),"",(N20-I20)/I20) -> 0.03236246 | AA20: =IF(OR(I20="",O20=""),"",(O20-I20)/I20) -> 0.051779935 | AB20: =IF(OR(Q20="",S20<>"",P20="",I20=""),"",IF(P20="Investor Override",IF(L20="","",(L20-I20)/I20),IF(P20="Offer 1",IF(M20="","",(M20-I20)/I20),IF(P20="Offer 2",IF(N20="","",(N20-I20)/I20),IF(P20="Offer 3",IF(O20="","",(O20-I20)/I20),"")))))
A21: Salas, Angeleta | B21: 3-3310 | C21: A1 | D21: 46232 | E21: =IF(D21="","",D21-90) -> 46142 | F21: =IF(D21="","",D21-60) -> 46172 | G21: =IF(D21="","",D21-30) -> 46202 | H21: 1510 | I21: 1510 | J21: =IF(I21="","",IF(ABS(N21-W21)<=ABS(M21-W21),IF(ABS(N21-W21)<=ABS(O21-W21),"Offer 2","Offer 3"),IF(ABS(M21-W21)<=ABS(O21-W21),"Offer 1","Offer 3"))) -> Offer 1 | K21: 0 | L21: 1514 | M21: =IF(I21="","",IF(X21="Under",CEILING(MAX(I21*1.02,MIN(V21,W21)*0.95),5),CEILING(MAX(I21*1.03,MIN(V21,W21)*0.97),5))) -> 1545 | N21: =IF(I21="","",IF(X21="Under",CEILING(MAX(I21*1.03,(V21+W21)/2*0.96),5),CEILING(MAX(I21*1.05,(V21+W21)/2*0.98),5))) -> 1560 | O21: =IF(I21="","",IF(X21="Under",CEILING(MAX(I21*1.05,MIN(V21,W21*1.01)),5),CEILING(MAX(I21*1.08,MIN(V21,W21*1.02)),5))) -> 1590 | P21: Investor Override | Q21: 46119 | T21: (904) 521-4462 | U21: 15 months / 0% increase / One month concession | V21: =IF(C21="","",IFERROR(VLOOKUP(C21,SETUP!$A$9:$D$24,2,0),"⚠ Check SETUP")) -> 1595 | W21: =IF(C21="","",IFERROR(VLOOKUP(C21,SETUP!$A$9:$D$24,3,0),"⚠ Check SETUP")) -> 1504 | X21: =IF(C21="","",IFERROR(VLOOKUP(C21,SETUP!$A$9:$D$24,4,0),"⚠ Check SETUP")) -> Under | Y21: =IF(OR(I21="",M21=""),"",(M21-I21)/I21) -> 0.023178808 | Z21: =IF(OR(I21="",N21=""),"",(N21-I21)/I21) -> 0.033112583 | AA21: =IF(OR(I21="",O21=""),"",(O21-I21)/I21) -> 0.052980132 | AB21: =IF(OR(Q21="",S21<>"",P21="",I21=""),"",IF(P21="Investor Override",IF(L21="","",(L21-I21)/I21),IF(P21="Offer 1",IF(M21="","",(M21-I21)/I21),IF(P21="Offer 2",IF(N21="","",(N21-I21)/I21),IF(P21="Offer 3",IF(O21="","",(O21-I21)/I21),""))))) -> 0.0026490066
A22: Carson, Jessica | B22: 2-2105 | C22: A4 | D22: 46232 | E22: =IF(D22="","",D22-90) -> 46142 | F22: =IF(D22="","",D22-60) -> 46172 | G22: =IF(D22="","",D22-30) -> 46202 | H22: 0 | I22: 1277 | J22: =IF(I22="","",IF(ABS(N22-W22)<=ABS(M22-W22),IF(ABS(N22-W22)<=ABS(O22-W22),"Offer 2","Offer 3"),IF(ABS(M22-W22)<=ABS(O22-W22),"Offer 1","Offer 3"))) -> Offer 3 | K22: 0 | L22: =IF(OR(I22="",K22=""),"",CEILING(I22*(1+K22),5)) -> 1280 | M22: =IF(I22="","",IF(X22="Under",CEILING(MAX(I22*1.02,MIN(V22,W22)*0.95),5),CEILING(MAX(I22*1.03,MIN(V22,W22)*0.97),5))) -> 1380 | N22: =IF(I22="","",IF(X22="Under",CEILING(MAX(I22*1.03,(V22+W22)/2*0.96),5),CEILING(MAX(I22*1.05,(V22+W22)/2*0.98),5))) -> 1395 | O22: =IF(I22="","",IF(X22="Under",CEILING(MAX(I22*1.05,MIN(V22,W22*1.01)),5),CEILING(MAX(I22*1.08,MIN(V22,W22*1.02)),5))) -> 1425 | T22: (901) 336-3495 | U22: 4/4 Sent 1st offers 0% increase, one month free | V22: =IF(C22="","",IFERROR(VLOOKUP(C22,SETUP!$A$9:$D$24,2,0),"⚠ Check SETUP")) -> 1421 | W22: =IF(C22="","",IFERROR(VLOOKUP(C22,SETUP!$A$9:$D$24,3,0),"⚠ Check SETUP")) -> 1424 | X22: =IF(C22="","",IFERROR(VLOOKUP(C22,SETUP!$A$9:$D$24,4,0),"⚠ Check SETUP")) -> Over | Y22: =IF(OR(I22="",M22=""),"",(M22-I22)/I22) -> 0.080657792 | Z22: =IF(OR(I22="",N22=""),"",(N22-I22)/I22) -> 0.092404072 | AA22: =IF(OR(I22="",O22=""),"",(O22-I22)/I22) -> 0.11589663 | AB22: =IF(OR(Q22="",S22<>"",P22="",I22=""),"",IF(P22="Investor Override",IF(L22="","",(L22-I22)/I22),IF(P22="Offer 1",IF(M22="","",(M22-I22)/I22),IF(P22="Offer 2",IF(N22="","",(N22-I22)/I22),IF(P22="Offer 3",IF(O22="","",(O22-I22)/I22),"")))))
A23: Gonzalez, Faviola | B23: 2-2107 | C23: A1 | D23: 46232 | E23: =IF(D23="","",D23-90) -> 46142 | F23: =IF(D23="","",D23-60) -> 46172 | G23: =IF(D23="","",D23-30) -> 46202 | H23: 0 | I23: 1529 | J23: =IF(I23="","",IF(ABS(N23-W23)<=ABS(M23-W23),IF(ABS(N23-W23)<=ABS(O23-W23),"Offer 2","Offer 3"),IF(ABS(M23-W23)<=ABS(O23-W23),"Offer 1","Offer 3"))) -> Offer 1 | K23: 0 | L23: 1529 | M23: =IF(I23="","",IF(X23="Under",CEILING(MAX(I23*1.02,MIN(V23,W23)*0.95),5),CEILING(MAX(I23*1.03,MIN(V23,W23)*0.97),5))) -> 1560 | N23: =IF(I23="","",IF(X23="Under",CEILING(MAX(I23*1.03,(V23+W23)/2*0.96),5),CEILING(MAX(I23*1.05,(V23+W23)/2*0.98),5))) -> 1575 | O23: =IF(I23="","",IF(X23="Under",CEILING(MAX(I23*1.05,MIN(V23,W23*1.01)),5),CEILING(MAX(I23*1.08,MIN(V23,W23*1.02)),5))) -> 1610 | P23: Investor Override | Q23: 46122 | T23: (813) 894-8515 | U23: 12 months / 0% increase / One month concession | V23: =IF(C23="","",IFERROR(VLOOKUP(C23,SETUP!$A$9:$D$24,2,0),"⚠ Check SETUP")) -> 1595 | W23: =IF(C23="","",IFERROR(VLOOKUP(C23,SETUP!$A$9:$D$24,3,0),"⚠ Check SETUP")) -> 1504 | X23: =IF(C23="","",IFERROR(VLOOKUP(C23,SETUP!$A$9:$D$24,4,0),"⚠ Check SETUP")) -> Under | Y23: =IF(OR(I23="",M23=""),"",(M23-I23)/I23) -> 0.020274689 | Z23: =IF(OR(I23="",N23=""),"",(N23-I23)/I23) -> 0.030085023 | AA23: =IF(OR(I23="",O23=""),"",(O23-I23)/I23) -> 0.052975801 | AB23: =IF(OR(Q23="",S23<>"",P23="",I23=""),"",IF(P23="Investor Override",IF(L23="","",(L23-I23)/I23),IF(P23="Offer 1",IF(M23="","",(M23-I23)/I23),IF(P23="Offer 2",IF(N23="","",(N23-I23)/I23),IF(P23="Offer 3",IF(O23="","",(O23-I23)/I23),""))))) -> 0
A24: Palomo, Trexie | B24: 1-1326 | C24: A4 | D24: 46234 | E24: =IF(D24="","",D24-90) -> 46144 | F24: =IF(D24="","",D24-60) -> 46174 | G24: =IF(D24="","",D24-30) -> 46204 | H24: 1464 | I24: 1539 | J24: =IF(I24="","",IF(ABS(N24-W24)<=ABS(M24-W24),IF(ABS(N24-W24)<=ABS(O24-W24),"Offer 2","Offer 3"),IF(ABS(M24-W24)<=ABS(O24-W24),"Offer 1","Offer 3"))) -> Offer 1 | K24: 0 | L24: 1539 | M24: =IF(I24="","",IF(X24="Under",CEILING(MAX(I24*1.02,MIN(V24,W24)*0.95),5),CEILING(MAX(I24*1.03,MIN(V24,W24)*0.97),5))) -> 1590 | N24: =IF(I24="","",IF(X24="Under",CEILING(MAX(I24*1.03,(V24+W24)/2*0.96),5),CEILING(MAX(I24*1.05,(V24+W24)/2*0.98),5))) -> 1620 | O24: =IF(I24="","",IF(X24="Under",CEILING(MAX(I24*1.05,MIN(V24,W24*1.01)),5),CEILING(MAX(I24*1.08,MIN(V24,W24*1.02)),5))) -> 1665 | P24: Investor Override | Q24: 46121 | T24: (904) 223-0976 | U24: 13 months / 0% increase / One month concession | V24: =IF(C24="","",IFERROR(VLOOKUP(C24,SETUP!$A$9:$D$24,2,0),"⚠ Check SETUP")) -> 1421 | W24: =IF(C24="","",IFERROR(VLOOKUP(C24,SETUP!$A$9:$D$24,3,0),"⚠ Check SETUP")) -> 1424 | X24: =IF(C24="","",IFERROR(VLOOKUP(C24,SETUP!$A$9:$D$24,4,0),"⚠ Check SETUP")) -> Over | Y24: =IF(OR(I24="",M24=""),"",(M24-I24)/I24) -> 0.033138402 | Z24: =IF(OR(I24="",N24=""),"",(N24-I24)/I24) -> 0.052631579 | AA24: =IF(OR(I24="",O24=""),"",(O24-I24)/I24) -> 0.081871345 | AB24: =IF(OR(Q24="",S24<>"",P24="",I24=""),"",IF(P24="Investor Override",IF(L24="","",(L24-I24)/I24),IF(P24="Offer 1",IF(M24="","",(M24-I24)/I24),IF(P24="Offer 2",IF(N24="","",(N24-I24)/I24),IF(P24="Offer 3",IF(O24="","",(O24-I24)/I24),""))))) -> 0
A25: Boyce, Chelisa | B25: 3-3414 | C25: B2 | D25: 46234 | E25: =IF(D25="","",D25-90) -> 46144 | F25: =IF(D25="","",D25-60) -> 46174 | G25: =IF(D25="","",D25-30) -> 46204 | H25: 500 | I25: 1918 | J25: =IF(I25="","",IF(ABS(N25-W25)<=ABS(M25-W25),IF(ABS(N25-W25)<=ABS(O25-W25),"Offer 2","Offer 3"),IF(ABS(M25-W25)<=ABS(O25-W25),"Offer 1","Offer 3"))) -> Offer 1 | K25: 0 | L25: 1918 | M25: =IF(I25="","",IF(X25="Under",CEILING(MAX(I25*1.02,MIN(V25,W25)*0.95),5),CEILING(MAX(I25*1.03,MIN(V25,W25)*0.97),5))) -> 1960 | N25: =IF(I25="","",IF(X25="Under",CEILING(MAX(I25*1.03,(V25+W25)/2*0.96),5),CEILING(MAX(I25*1.05,(V25+W25)/2*0.98),5))) -> 1980 | O25: =IF(I25="","",IF(X25="Under",CEILING(MAX(I25*1.05,MIN(V25,W25*1.01)),5),CEILING(MAX(I25*1.08,MIN(V25,W25*1.02)),5))) -> 2015 | P25: Investor Override | Q25: 46121 | T25: (904) 749-0233 | U25: 12 months / 0% increase / One month concession | V25: =IF(C25="","",IFERROR(VLOOKUP(C25,SETUP!$A$9:$D$24,2,0),"⚠ Check SETUP")) -> 1595 | W25: =IF(C25="","",IFERROR(VLOOKUP(C25,SETUP!$A$9:$D$24,3,0),"⚠ Check SETUP")) -> 1806 | X25: =IF(C25="","",IFERROR(VLOOKUP(C25,SETUP!$A$9:$D$24,4,0),"⚠ Check SETUP")) -> Under | Y25: =IF(OR(I25="",M25=""),"",(M25-I25)/I25) -> 0.02189781 | Z25: =IF(OR(I25="",N25=""),"",(N25-I25)/I25) -> 0.032325339 | AA25: =IF(OR(I25="",O25=""),"",(O25-I25)/I25) -> 0.050573514 | AB25: =IF(OR(Q25="",S25<>"",P25="",I25=""),"",IF(P25="Investor Override",IF(L25="","",(L25-I25)/I25),IF(P25="Offer 1",IF(M25="","",(M25-I25)/I25),IF(P25="Offer 2",IF(N25="","",(N25-I25)/I25),IF(P25="Offer 3",IF(O25="","",(O25-I25)/I25),""))))) -> 0
A27: RETENTION ANALYSIS
A28: Metric | B28: Count | C28: % of Expirations | D28: % of Decided | E28: Status
A29: Total Lease Expirations | B29: =COUNTA(A4:A25) -> 22
A30: Renewals Signed | B30: =COUNTA(Q4:Q25) -> 11 | C30: =IFERROR(B30/B29,"-") -> 0.5 | D30: =IFERROR(B30/(B30+B31),"-") -> 0.91666667 | E30: =IF(B29=0,"Awaiting data",IF(B30/B29>=0.6,"On Track ✓","Needs Attention ⚠")) -> Needs Attention ⚠
A31: NTV's Received | B31: =COUNTA(S4:S25) -> 1 | C31: =IFERROR(B31/B29,"-") -> 0.045454545 | D31: =IFERROR(B31/(B30+B31),"-") -> 0.083333333 | E31: =IF(B29=0,"Awaiting data",IF(B31/B29<=0.2,"Acceptable","High NTV ⚠")) -> Acceptable
A32: Transfers | B32: =COUNTA(R4:R25) -> 1 | C32: =IFERROR(B32/B29,"-") -> 0.045454545 | D32: — | E32: Resident retained in portfolio
A33: Pending / Not Yet Decided | B33: =MAX(0,B29-B30-B31-B32) -> 9 | C33: =IFERROR(B33/B29,"-") -> 0.40909091 | D33: — | E33: =IF(B33=0,"All accounted for ✓","Follow up needed") -> Follow up needed
A35: RETENTION RATE (Renewals ÷ Total Expirations) | C35: =IFERROR(B30/B29,"-") -> 0.5 | D35: =IF(B29=0,"Enter resident data to calculate",IF(B30/B29>=0.6,"✓ Meeting target retention","⚠ Below target — review offers")) -> ⚠ Below target — review offers
A36: RETENTION RATE (Renewals ÷ Renewals + NTVs) ← of decided residents | C36: =IFERROR(B30/(B30+B31),"-") -> 0.91666667 | D36: Excludes pending residents — only counts those who have made a decision (renewed or NTV'd)
A39: Legend
A40: Renewed (auto: enter date in Renewal Signed)
A41: Pending Signature (manual: apply yellow fill)
A42: NTV / Notice to Vacate (auto: enter date in NTV Rcv'd)
A43: Transfer (auto: enter date in Transfer)
A44: MTM / Month-to-Month (manual: apply gray fill)

Sheet August 2026
A1: =SETUP!B3&" - "&SETUP!B4&" Renewals" -> RISE Bartram Park - April 2026 Renewals
A2: Name | B2: Unit | C2: Unit Type | D2: Expiration Date | E2: 90-Day Notice | F2: 60-Day Notice | G2: 30-Day Notice | H2: Deposit Held | I2: Current Rate | J2: Recommended Offer | K2: Investor Override % Increase | L2: Investor Override Offer | M2: Offer 1 Conservative | N2: Offer 2 Balanced | O2: Offer 3 Aggressive | P2: Signed Offer | Q2: Renewal Signed | R2: Transfer | S2: NTV Rcv'd | T2: Phone | U2: Notes | V2: Market Rate | W2: Budget | X2: Occupancy (Under/Over) | Y2: Rent Growth Offer 1 | Z2: Rent Growth Offer 2 | AA2: Rent Growth Offer 3 | AB2: Signed Rent Growth
A3: ▼ Enter | B3: ▼ Enter | C3: ▼ Enter | D3: ▼ Enter | E3: ◀ Auto | F3: ◀ Auto | G3: ◀ Auto | H3: ▼ Enter | I3: ▼ Enter | J3: ◀ Auto | K3: ▼ Enter | L3: ◀ Auto | M3: ◀ Auto | N3: ◀ Auto | O3: ◀ Auto | P3: ▼ Select | Q3: ▼ Enter | R3: ▼ Enter | S3: ▼ Enter | T3: ▼ Enter | U3: ▼ Enter | V3: ◀ Auto | W3: ◀ Auto | X3: ◀ Auto | Y3: ◀ Auto | Z3: ◀ Auto | AA3: ◀ Auto | AB3: ◀ Auto
A4: Collier, Makayla | B4: 3-3308 | C4: A5 | D4: 46242 | E4: =IF(D4="","",D4-90) -> 46152 | F4: =IF(D4="","",D4-60) -> 46182 | G4: =IF(D4="","",D4-30) -> 46212 | H4: 0 | I4: 1576 | J4: =IF(I4="","",IF(ABS(N4-W4)<=ABS(M4-W4),IF(ABS(N4-W4)<=ABS(O4-W4),"Offer 2","Offer 3"),IF(ABS(M4-W4)<=ABS(O4-W4),"Offer 1","Offer 3"))) -> Offer 1 | L4: =IF(OR(I4="",K4=""),"",CEILING(I4*(1+K4),5)) | M4: =IF(I4="","",IF(X4="Under",CEILING(MAX(I4*1.02,MIN(V4,W4)*0.95),5),CEILING(MAX(I4*1.03,MIN(V4,W4)*0.97),5))) -> 1610 | N4: =IF(I4="","",IF(X4="Under",CEILING(MAX(I4*1.03,(V4+W4)/2*0.96),5),CEILING(MAX(I4*1.05,(V4+W4)/2*0.98),5))) -> 1625 | O4: =IF(I4="","",IF(X4="Under",CEILING(MAX(I4*1.05,MIN(V4,W4*1.01)),5),CEILING(MAX(I4*1.08,MIN(V4,W4*1.02)),5))) -> 1655 | T4: (305) 975-3201 (Mobile) | V4: =IF(C4="","",IFERROR(VLOOKUP(C4,SETUP!$A$9:$D$24,2,0),"⚠ Check SETUP")) -> 1719 | W4: =IF(C4="","",IFERROR(VLOOKUP(C4,SETUP!$A$9:$D$24,3,0),"⚠ Check SETUP")) -> 1561 | X4: =IF(C4="","",IFERROR(VLOOKUP(C4,SETUP!$A$9:$D$24,4,0),"⚠ Check SETUP")) -> Under | Y4: =IF(OR(I4="",M4=""),"",(M4-I4)/I4) -> 0.021573604 | Z4: =IF(OR(I4="",N4=""),"",(N4-I4)/I4) -> 0.031091371 | AA4: =IF(OR(I4="",O4=""),"",(O4-I4)/I4) -> 0.050126904 | AB4: =IF(OR(Q4="",S4<>"",P4="",I4=""),"",IF(P4="Investor Override",IF(L4="","",(L4-I4)/I4),IF(P4="Offer 1",IF(M4="","",(M4-I4)/I4),IF(P4="Offer 2",IF(N4="","",(N4-I4)/I4),IF(P4="Offer 3",IF(O4="","",(O4-I4)/I4),"")))))
A5: McCord, Kaylee | B5: 1-1429 | C5: B2 | D5: 46244 | E5: =IF(D5="","",D5-90) -> 46154 | F5: =IF(D5="","",D5-60) -> 46184 | G5: =IF(D5="","",D5-30) -> 46214 | H5: 0 | I5: 1668 | J5: =IF(I5="","",IF(ABS(N5-W5)<=ABS(M5-W5),IF(ABS(N5-W5)<=ABS(O5-W5),"Offer 2","Offer 3"),IF(ABS(M5-W5)<=ABS(O5-W5),"Offer 1","Offer 3"))) -> Offer 3 | L5: =IF(OR(I5="",K5=""),"",CEILING(I5*(1+K5),5)) | M5: =IF(I5="","",IF(X5="Under",CEILING(MAX(I5*1.02,MIN(V5,W5)*0.95),5),CEILING(MAX(I5*1.03,MIN(V5,W5)*0.97),5))) -> 1705 | N5: =IF(I5="","",IF(X5="Under",CEILING(MAX(I5*1.03,(V5+W5)/2*0.96),5),CEILING(MAX(I5*1.05,(V5+W5)/2*0.98),5))) -> 1720 | O5: =IF(I5="","",IF(X5="Under",CEILING(MAX(I5*1.05,MIN(V5,W5*1.01)),5),CEILING(MAX(I5*1.08,MIN(V5,W5*1.02)),5))) -> 1755 | T5: (352) 299-0595 (Mobile) | V5: =IF(C5="","",IFERROR(VLOOKUP(C5,SETUP!$A$9:$D$24,2,0),"⚠ Check SETUP")) -> 1595 | W5: =IF(C5="","",IFERROR(VLOOKUP(C5,SETUP!$A$9:$D$24,3,0),"⚠ Check SETUP")) -> 1806 | X5: =IF(C5="","",IFERROR(VLOOKUP(C5,SETUP!$A$9:$D$24,4,0),"⚠ Check SETUP")) -> Under | Y5: =IF(OR(I5="",M5=""),"",(M5-I5)/I5) -> 0.022182254 | Z5: =IF(OR(I5="",N5=""),"",(N5-I5)/I5) -> 0.03117506 | AA5: =IF(OR(I5="",O5=""),"",(O5-I5)/I5) -> 0.052158273 | AB5: =IF(OR(Q5="",S5<>"",P5="",I5=""),"",IF(P5="Investor Override",IF(L5="","",(L5-I5)/I5),IF(P5="Offer 1",IF(M5="","",(M5-I5)/I5),IF(P5="Offer 2",IF(N5="","",(N5-I5)/I5),IF(P5="Offer 3",IF(O5="","",(O5-I5)/I5),"")))))
A6: Lopez, Jesus | B6: 1-1120 | C6: A1 | D6: 46245 | E6: =IF(D6="","",D6-90) -> 46155 | F6: =IF(D6="","",D6-60) -> 46185 | G6: =IF(D6="","",D6-30) -> 46215 | H6: 0 | I6: 1539 | J6: =IF(I6="","",IF(ABS(N6-W6)<=ABS(M6-W6),IF(ABS(N6-W6)<=ABS(O6-W6),"Offer 2","Offer 3"),IF(ABS(M6-W6)<=ABS(O6-W6),"Offer 1","Offer 3"))) -> Offer 1 | L6: =IF(OR(I6="",K6=""),"",CEILING(I6*(1+K6),5)) | M6: =IF(I6="","",IF(X6="Under",CEILING(MAX(I6*1.02,MIN(V6,W6)*0.95),5),CEILING(MAX(I6*1.03,MIN(V6,W6)*0.97),5))) -> 1570 | N6: =IF(I6="","",IF(X6="Under",CEILING(MAX(I6*1.03,(V6+W6)/2*0.96),5),CEILING(MAX(I6*1.05,(V6+W6)/2*0.98),5))) -> 1590 | O6: =IF(I6="","",IF(X6="Under",CEILING(MAX(I6*1.05,MIN(V6,W6*1.01)),5),CEILING(MAX(I6*1.08,MIN(V6,W6*1.02)),5))) -> 1620 | T6: (954) 534-1093 (Mobile) | V6: =IF(C6="","",IFERROR(VLOOKUP(C6,SETUP!$A$9:$D$24,2,0),"⚠ Check SETUP")) -> 1595 | W6: =IF(C6="","",IFERROR(VLOOKUP(C6,SETUP!$A$9:$D$24,3,0),"⚠ Check SETUP")) -> 1504 | X6: =IF(C6="","",IFERROR(VLOOKUP(C6,SETUP!$A$9:$D$24,4,0),"⚠ Check SETUP")) -> Under | Y6: =IF(OR(I6="",M6=""),"",(M6-I6)/I6) -> 0.02014295 | Z6: =IF(OR(I6="",N6=""),"",(N6-I6)/I6) -> 0.033138402 | AA6: =IF(OR(I6="",O6=""),"",(O6-I6)/I6) -> 0.052631579 | AB6: =IF(OR(Q6="",S6<>"",P6="",I6=""),"",IF(P6="Investor Override",IF(L6="","",(L6-I6)/I6),IF(P6="Offer 1",IF(M6="","",(M6-I6)/I6),IF(P6="Offer 2",IF(N6="","",(N6-I6)/I6),IF(P6="Offer 3",IF(O6="","",(O6-I6)/I6),"")))))
A7: Groth, Riley | B7: 1-1208 | C7: A2 | D7: 46248 | E7: =IF(D7="","",D7-90) -> 46158 | F7: =IF(D7="","",D7-60) -> 46188 | G7: =IF(D7="","",D7-30) -> 46218 | H7: 0 | I7: 1390 | J7: =IF(I7="","",IF(ABS(N7-W7)<=ABS(M7-W7),IF(ABS(N7-W7)<=ABS(O7-W7),"Offer 2","Offer 3"),IF(ABS(M7-W7)<=ABS(O7-W7),"Offer 1","Offer 3"))) -> Offer 3 | L7: =IF(OR(I7="",K7=""),"",CEILING(I7*(1+K7),5)) | M7: =IF(I7="","",IF(X7="Under",CEILING(MAX(I7*1.02,MIN(V7,W7)*0.95),5),CEILING(MAX(I7*1.03,MIN(V7,W7)*0.97),5))) -> 1435 | N7: =IF(I7="","",IF(X7="Under",CEILING(MAX(I7*1.03,(V7+W7)/2*0.96),5),CEILING(MAX(I7*1.05,(V7+W7)/2*0.98),5))) -> 1605 | O7: =IF(I7="","",IF(X7="Under",CEILING(MAX(I7*1.05,MIN(V7,W7*1.01)),5),CEILING(MAX(I7*1.08,MIN(V7,W7*1.02)),5))) -> 1510 | T7: (505) 390-3869 (Mobile) | V7: =IF(C7="","",IFERROR(VLOOKUP(C7,SETUP!$A$9:$D$24,2,0),"⚠ Check SETUP")) -> 1795 | W7: =IF(C7="","",IFERROR(VLOOKUP(C7,SETUP!$A$9:$D$24,3,0),"⚠ Check SETUP")) -> 1476 | X7: =IF(C7="","",IFERROR(VLOOKUP(C7,SETUP!$A$9:$D$24,4,0),"⚠ Check SETUP")) -> Over | Y7: =IF(OR(I7="",M7=""),"",(M7-I7)/I7) -> 0.032374101 | Z7: =IF(OR(I7="",N7=""),"",(N7-I7)/I7) -> 0.15467626 | AA7: =IF(OR(I7="",O7=""),"",(O7-I7)/I7) -> 0.086330935 | AB7: =IF(OR(Q7="",S7<>"",P7="",I7=""),"",IF(P7="Investor Override",IF(L7="","",(L7-I7)/I7),IF(P7="Offer 1",IF(M7="","",(M7-I7)/I7),IF(P7="Offer 2",IF(N7="","",(N7-I7)/I7),IF(P7="Offer 3",IF(O7="","",(O7-I7)/I7),"")))))
A8: Fries, Jared | B8: 1-1306 | C8: B1 | D8: 46249 | E8: =IF(D8="","",D8-90) -> 46159 | F8: =IF(D8="","",D8-60) -> 46189 | G8: =IF(D8="","",D8-30) -> 46219 | H8: 0 | I8: 1810 | J8: =IF(I8="","",IF(ABS(N8-W8)<=ABS(M8-W8),IF(ABS(N8-W8)<=ABS(O8-W8),"Offer 2","Offer 3"),IF(ABS(M8-W8)<=ABS(O8-W8),"Offer 1","Offer 3"))) -> Offer 1 | L8: =IF(OR(I8="",K8=""),"",CEILING(I8*(1+K8),5)) | M8: =IF(I8="","",IF(X8="Under",CEILING(MAX(I8*1.02,MIN(V8,W8)*0.95),5),CEILING(MAX(I8*1.03,MIN(V8,W8)*0.97),5))) -> 1850 | N8: =IF(I8="","",IF(X8="Under",CEILING(MAX(I8*1.03,(V8+W8)/2*0.96),5),CEILING(MAX(I8*1.05,(V8+W8)/2*0.98),5))) -> 1865 | O8: =IF(I8="","",IF(X8="Under",CEILING(MAX(I8*1.05,MIN(V8,W8*1.01)),5),CEILING(MAX(I8*1.08,MIN(V8,W8*1.02)),5))) -> 1905 | T8: (419) 202-5661 (Home) | V8: =IF(C8="","",IFERROR(VLOOKUP(C8,SETUP!$A$9:$D$24,2,0),"⚠ Check SETUP")) -> 1809 | W8: =IF(C8="","",IFERROR(VLOOKUP(C8,SETUP!$A$9:$D$24,3,0),"⚠ Check SETUP")) -> 1764 | X8: =IF(C8="","",IFERROR(VLOOKUP(C8,SETUP!$A$9:$D$24,4,0),"⚠ Check SETUP")) -> Under | Y8: =IF(OR(I8="",M8=""),"",(M8-I8)/I8) -> 0.022099448 | Z8: =IF(OR(I8="",N8=""),"",(N8-I8)/I8) -> 0.03038674 | AA8: =IF(OR(I8="",O8=""),"",(O8-I8)/I8) -> 0.052486188 | AB8: =IF(OR(Q8="",S8<>"",P8="",I8=""),"",IF(P8="Investor Override",IF(L8="","",(L8-I8)/I8),IF(P8="Offer 1",IF(M8="","",(M8-I8)/I8),IF(P8="Offer 2",IF(N8="","",(N8-I8)/I8),IF(P8="Offer 3",IF(O8="","",(O8-I8)/I8),"")))))
A9: Dalavi, Sudhakar | B9: 2-2215 | C9: A1 | D9: 46253 | E9: =IF(D9="","",D9-90) -> 46163 | F9: =IF(D9="","",D9-60) -> 46193 | G9: =IF(D9="","",D9-30) -> 46223 | H9: 0 | I9: 1439 | J9: =IF(I9="","",IF(ABS(N9-W9)<=ABS(M9-W9),IF(ABS(N9-W9)<=ABS(O9-W9),"Offer 2","Offer 3"),IF(ABS(M9-W9)<=ABS(O9-W9),"Offer 1","Offer 3"))) -> Offer 2 | L9: =IF(OR(I9="",K9=""),"",CEILING(I9*(1+K9),5)) | M9: =IF(I9="","",IF(X9="Under",CEILING(MAX(I9*1.02,MIN(V9,W9)*0.95),5),CEILING(MAX(I9*1.03,MIN(V9,W9)*0.97),5))) -> 1470 | N9: =IF(I9="","",IF(X9="Under",CEILING(MAX(I9*1.03,(V9+W9)/2*0.96),5),CEILING(MAX(I9*1.05,(V9+W9)/2*0.98),5))) -> 1490 | O9: =IF(I9="","",IF(X9="Under",CEILING(MAX(I9*1.05,MIN(V9,W9*1.01)),5),CEILING(MAX(I9*1.08,MIN(V9,W9*1.02)),5))) -> 1520 | T9: (860) 986-8480 (Mobile) | V9: =IF(C9="","",IFERROR(VLOOKUP(C9,SETUP!$A$9:$D$24,2,0),"⚠ Check SETUP")) -> 1595 | W9: =IF(C9="","",IFERROR(VLOOKUP(C9,SETUP!$A$9:$D$24,3,0),"⚠ Check SETUP")) -> 1504 | X9: =IF(C9="","",IFERROR(VLOOKUP(C9,SETUP!$A$9:$D$24,4,0),"⚠ Check SETUP")) -> Under | Y9: =IF(OR(I9="",M9=""),"",(M9-I9)/I9) -> 0.021542738 | Z9: =IF(OR(I9="",N9=""),"",(N9-I9)/I9) -> 0.035441279 | AA9: =IF(OR(I9="",O9=""),"",(O9-I9)/I9) -> 0.05628909 | AB9: =IF(OR(Q9="",S9<>"",P9="",I9=""),"",IF(P9="Investor Override",IF(L9="","",(L9-I9)/I9),IF(P9="Offer 1",IF(M9="","",(M9-I9)/I9),IF(P9="Offer 2",IF(N9="","",(N9-I9)/I9),IF(P9="Offer 3",IF(O9="","",(O9-I9)/I9),"")))))
A10: Pittman, Taylor | B10: 2-2214 | C10: A4 | D10: 46256 | E10: =IF(D10="","",D10-90) -> 46166 | F10: =IF(D10="","",D10-60) -> 46196 | G10: =IF(D10="","",D10-30) -> 46226 | H10: 0 | I10: 1369 | J10: =IF(I10="","",IF(ABS(N10-W10)<=ABS(M10-W10),IF(ABS(N10-W10)<=ABS(O10-W10),"Offer 2","Offer 3"),IF(ABS(M10-W10)<=ABS(O10-W10),"Offer 1","Offer 3"))) -> Offer 1 | L10: =IF(OR(I10="",K10=""),"",CEILING(I10*(1+K10),5)) | M10: =IF(I10="","",IF(X10="Under",CEILING(MAX(I10*1.02,MIN(V10,W10)*0.95),5),CEILING(MAX(I10*1.03,MIN(V10,W10)*0.97),5))) -> 1415 | N10: =IF(I10="","",IF(X10="Under",CEILING(MAX(I10*1.03,(V10+W10)/2*0.96),5),CEILING(MAX(I10*1.05,(V10+W10)/2*0.98),5))) -> 1440 | O10: =IF(I10="","",IF(X10="Under",CEILING(MAX(I10*1.05,MIN(V10,W10*1.01)),5),CEILING(MAX(I10*1.08,MIN(V10,W10*1.02)),5))) -> 1480 | T10: (864) 541-5030 (Mobile) | V10: =IF(C10="","",IFERROR(VLOOKUP(C10,SETUP!$A$9:$D$24,2,0),"⚠ Check SETUP")) -> 1421 | W10: =IF(C10="","",IFERROR(VLOOKUP(C10,SETUP!$A$9:$D$24,3,0),"⚠ Check SETUP")) -> 1424 | X10: =IF(C10="","",IFERROR(VLOOKUP(C10,SETUP!$A$9:$D$24,4,0),"⚠ Check SETUP")) -> Over | Y10: =IF(OR(I10="",M10=""),"",(M10-I10)/I10) -> 0.033601169 | Z10: =IF(OR(I10="",N10=""),"",(N10-I10)/I10) -> 0.051862673 | AA10: =IF(OR(I10="",O10=""),"",(O10-I10)/I10) -> 0.081081081 | AB10: =IF(OR(Q10="",S10<>"",P10="",I10=""),"",IF(P10="Investor Override",IF(L10="","",(L10-I10)/I10),IF(P10="Offer 1",IF(M10="","",(M10-I10)/I10),IF(P10="Offer 2",IF(N10="","",(N10-I10)/I10),IF(P10="Offer 3",IF(O10="","",(O10-I10)/I10),"")))))
A11: Huertas, Luis | B11: 2-2420 | C11: B1 | D11: 46258 | E11: =IF(D11="","",D11-90) -> 46168 | F11: =IF(D11="","",D11-60) -> 46198 | G11: =IF(D11="","",D11-30) -> 46228 | H11: 0 | I11: 1563 | J11: =IF(I11="","",IF(ABS(N11-W11)<=ABS(M11-W11),IF(ABS(N11-W11)<=ABS(O11-W11),"Offer 2","Offer 3"),IF(ABS(M11-W11)<=ABS(O11-W11),"Offer 1","Offer 3"))) -> Offer 3 | L11: =IF(OR(I11="",K11=""),"",CEILING(I11*(1+K11),5)) | M11: =IF(I11="","",IF(X11="Under",CEILING(MAX(I11*1.02,MIN(V11,W11)*0.95),5),CEILING(MAX(I11*1.03,MIN(V11,W11)*0.97),5))) -> 1680 | N11: =IF(I11="","",IF(X11="Under",CEILING(MAX(I11*1.03,(V11+W11)/2*0.96),5),CEILING(MAX(I11*1.05,(V11+W11)/2*0.98),5))) -> 1720 | O11: =IF(I11="","",IF(X11="Under",CEILING(MAX(I11*1.05,MIN(V11,W11*1.01)),5),CEILING(MAX(I11*1.08,MIN(V11,W11*1.02)),5))) -> 1785 | T11: (845) 332-4255 (Home) | V11: =IF(C11="","",IFERROR(VLOOKUP(C11,SETUP!$A$9:$D$24,2,0),"⚠ Check SETUP")) -> 1809 | W11: =IF(C11="","",IFERROR(VLOOKUP(C11,SETUP!$A$9:$D$24,3,0),"⚠ Check SETUP")) -> 1764 | X11: =IF(C11="","",IFERROR(VLOOKUP(C11,SETUP!$A$9:$D$24,4,0),"⚠ Check SETUP")) -> Under | Y11: =IF(OR(I11="",M11=""),"",(M11-I11)/I11) -> 0.074856046 | Z11: =IF(OR(I11="",N11=""),"",(N11-I11)/I11) -> 0.10044786 | AA11: =IF(OR(I11="",O11=""),"",(O11-I11)/I11) -> 0.14203455 | AB11: =IF(OR(Q11="",S11<>"",P11="",I11=""),"",IF(P11="Investor Override",IF(L11="","",(L11-I11)/I11),IF(P11="Offer 1",IF(M11="","",(M11-I11)/I11),IF(P11="Offer 2",IF(N11="","",(N11-I11)/I11),IF(P11="Offer 3",IF(O11="","",(O11-I11)/I11),"")))))
A12: Artinger, Ronald | B12: 2-2302 | C12: B3 | D12: 46258 | E12: =IF(D12="","",D12-90) -> 46168 | F12: =IF(D12="","",D12-60) -> 46198 | G12: =IF(D12="","",D12-30) -> 46228 | H12: 0 | I12: 1931 | J12: =IF(I12="","",IF(ABS(N12-W12)<=ABS(M12-W12),IF(ABS(N12-W12)<=ABS(O12-W12),"Offer 2","Offer 3"),IF(ABS(M12-W12)<=ABS(O12-W12),"Offer 1","Offer 3"))) -> Offer 1 | L12: =IF(OR(I12="",K12=""),"",CEILING(I12*(1+K12),5)) | M12: =IF(I12="","",IF(X12="Under",CEILING(MAX(I12*1.02,MIN(V12,W12)*0.95),5),CEILING(MAX(I12*1.03,MIN(V12,W12)*0.97),5))) -> 1970 | N12: =IF(I12="","",IF(X12="Under",CEILING(MAX(I12*1.03,(V12+W12)/2*0.96),5),CEILING(MAX(I12*1.05,(V12+W12)/2*0.98),5))) -> 1990 | O12: =IF(I12="","",IF(X12="Under",CEILING(MAX(I12*1.05,MIN(V12,W12*1.01)),5),CEILING(MAX(I12*1.08,MIN(V12,W12*1.02)),5))) -> 2030 | T12: (724) 553-8346 (Mobile) | V12: =IF(C12="","",IFERROR(VLOOKUP(C12,SETUP!$A$9:$D$24,2,0),"⚠ Check SETUP")) -> 1880 | W12: =IF(C12="","",IFERROR(VLOOKUP(C12,SETUP!$A$9:$D$24,3,0),"⚠ Check SETUP")) -> 1976 | X12: =IF(C12="","",IFERROR(VLOOKUP(C12,SETUP!$A$9:$D$24,4,0),"⚠ Check SETUP")) -> Under | Y12: =IF(OR(I12="",M12=""),"",(M12-I12)/I12) -> 0.020196789 | Z12: =IF(OR(I12="",N12=""),"",(N12-I12)/I12) -> 0.030554117 | AA12: =IF(OR(I12="",O12=""),"",(O12-I12)/I12) -> 0.051268773 | AB12: =IF(OR(Q12="",S12<>"",P12="",I12=""),"",IF(P12="Investor Override",IF(L12="","",(L12-I12)/I12),IF(P12="Offer 1",IF(M12="","",(M12-I12)/I12),IF(P12="Offer 2",IF(N12="","",(N12-I12)/I12),IF(P12="Offer 3",IF(O12="","",(O12-I12)/I12),"")))))
A13: Fell, Judy | B13: 1-1420 | C13: A1 | D13: 46259 | E13: =IF(D13="","",D13-90) -> 46169 | F13: =IF(D13="","",D13-60) -> 46199 | G13: =IF(D13="","",D13-30) -> 46229 | H13: 0 | I13: 1584 | J13: =IF(I13="","",IF(ABS(N13-W13)<=ABS(M13-W13),IF(ABS(N13-W13)<=ABS(O13-W13),"Offer 2","Offer 3"),IF(ABS(M13-W13)<=ABS(O13-W13),"Offer 1","Offer 3"))) -> Offer 1 | L13: =IF(OR(I13="",K13=""),"",CEILING(I13*(1+K13),5)) | M13: =IF(I13="","",IF(X13="Under",CEILING(MAX(I13*1.02,MIN(V13,W13)*0.95),5),CEILING(MAX(I13*1.03,MIN(V13,W13)*0.97),5))) -> 1620 | N13: =IF(I13="","",IF(X13="Under",CEILING(MAX(I13*1.03,(V13+W13)/2*0.96),5),CEILING(MAX(I13*1.05,(V13+W13)/2*0.98),5))) -> 1635 | O13: =IF(I13="","",IF(X13="Under",CEILING(MAX(I13*1.05,MIN(V13,W13*1.01)),5),CEILING(MAX(I13*1.08,MIN(V13,W13*1.02)),5))) -> 1665 | T13: (614) 288-8852 (Mobile) | V13: =IF(C13="","",IFERROR(VLOOKUP(C13,SETUP!$A$9:$D$24,2,0),"⚠ Check SETUP")) -> 1595 | W13: =IF(C13="","",IFERROR(VLOOKUP(C13,SETUP!$A$9:$D$24,3,0),"⚠ Check SETUP")) -> 1504 | X13: =IF(C13="","",IFERROR(VLOOKUP(C13,SETUP!$A$9:$D$24,4,0),"⚠ Check SETUP")) -> Under | Y13: =IF(OR(I13="",M13=""),"",(M13-I13)/I13) -> 0.022727273 | Z13: =IF(OR(I13="",N13=""),"",(N13-I13)/I13) -> 0.03219697 | AA13: =IF(OR(I13="",O13=""),"",(O13-I13)/I13) -> 0.051136364 | AB13: =IF(OR(Q13="",S13<>"",P13="",I13=""),"",IF(P13="Investor Override",IF(L13="","",(L13-I13)/I13),IF(P13="Offer 1",IF(M13="","",(M13-I13)/I13),IF(P13="Offer 2",IF(N13="","",(N13-I13)/I13),IF(P13="Offer 3",IF(O13="","",(O13-I13)/I13),"")))))
A14: Marques, Roberto | B14: 2-2221 | C14: B1 | D14: 46260 | E14: =IF(D14="","",D14-90) -> 46170 | F14: =IF(D14="","",D14-60) -> 46200 | G14: =IF(D14="","",D14-30) -> 46230 | H14: 500 | I14: 1665 | J14: =IF(I14="","",IF(ABS(N14-W14)<=ABS(M14-W14),IF(ABS(N14-W14)<=ABS(O14-W14),"Offer 2","Offer 3"),IF(ABS(M14-W14)<=ABS(O14-W14),"Offer 1","Offer 3"))) -> Offer 3 | L14: =IF(OR(I14="",K14=""),"",CEILING(I14*(1+K14),5)) | M14: =IF(I14="","",IF(X14="Under",CEILING(MAX(I14*1.02,MIN(V14,W14)*0.95),5),CEILING(MAX(I14*1.03,MIN(V14,W14)*0.97),5))) -> 1700 | N14: =IF(I14="","",IF(X14="Under",CEILING(MAX(I14*1.03,(V14+W14)/2*0.96),5),CEILING(MAX(I14*1.05,(V14+W14)/2*0.98),5))) -> 1720 | O14: =IF(I14="","",IF(X14="Under",CEILING(MAX(I14*1.05,MIN(V14,W14*1.01)),5),CEILING(MAX(I14*1.08,MIN(V14,W14*1.02)),5))) -> 1785 | T14: (978) 746-4627 (Mobile) | V14: =IF(C14="","",IFERROR(VLOOKUP(C14,SETUP!$A$9:$D$24,2,0),"⚠ Check SETUP")) -> 1809 | W14: =IF(C14="","",IFERROR(VLOOKUP(C14,SETUP!$A$9:$D$24,3,0),"⚠ Check SETUP")) -> 1764 | X14: =IF(C14="","",IFERROR(VLOOKUP(C14,SETUP!$A$9:$D$24,4,0),"⚠ Check SETUP")) -> Under | Y14: =IF(OR(I14="",M14=""),"",(M14-I14)/I14) -> 0.021021021 | Z14: =IF(OR(I14="",N14=""),"",(N14-I14)/I14) -> 0.033033033 | AA14: =IF(OR(I14="",O14=""),"",(O14-I14)/I14) -> 0.072072072 | AB14: =IF(OR(Q14="",S14<>"",P14="",I14=""),"",IF(P14="Investor Override",IF(L14="","",(L14-I14)/I14),IF(P14="Offer 1",IF(M14="","",(M14-I14)/I14),IF(P14="Offer 2",IF(N14="","",(N14-I14)/I14),IF(P14="Offer 3",IF(O14="","",(O14-I14)/I14),"")))))
A15: Farmer, Joni | B15: 3-3412 | C15: A1 | D15: 46260 | E15: =IF(D15="","",D15-90) -> 46170 | F15: =IF(D15="","",D15-60) -> 46200 | G15: =IF(D15="","",D15-30) -> 46230 | H15: 0 | I15: 1498 | J15: =IF(I15="","",IF(ABS(N15-W15)<=ABS(M15-W15),IF(ABS(N15-W15)<=ABS(O15-W15),"Offer 2","Offer 3"),IF(ABS(M15-W15)<=ABS(O15-W15),"Offer 1","Offer 3"))) -> Offer 1 | L15: =IF(OR(I15="",K15=""),"",CEILING(I15*(1+K15),5)) | M15: =IF(I15="","",IF(X15="Under",CEILING(MAX(I15*1.02,MIN(V15,W15)*0.95),5),CEILING(MAX(I15*1.03,MIN(V15,W15)*0.97),5))) -> 1530 | N15: =IF(I15="","",IF(X15="Under",CEILING(MAX(I15*1.03,(V15+W15)/2*0.96),5),CEILING(MAX(I15*1.05,(V15+W15)/2*0.98),5))) -> 1545 | O15: =IF(I15="","",IF(X15="Under",CEILING(MAX(I15*1.05,MIN(V15,W15*1.01)),5),CEILING(MAX(I15*1.08,MIN(V15,W15*1.02)),5))) -> 1575 | T15: (904) 219-5556 (Mobile) | V15: =IF(C15="","",IFERROR(VLOOKUP(C15,SETUP!$A$9:$D$24,2,0),"⚠ Check SETUP")) -> 1595 | W15: =IF(C15="","",IFERROR(VLOOKUP(C15,SETUP!$A$9:$D$24,3,0),"⚠ Check SETUP")) -> 1504 | X15: =IF(C15="","",IFERROR(VLOOKUP(C15,SETUP!$A$9:$D$24,4,0),"⚠ Check SETUP")) -> Under | Y15: =IF(OR(I15="",M15=""),"",(M15-I15)/I15) -> 0.021361816 | Z15: =IF(OR(I15="",N15=""),"",(N15-I15)/I15) -> 0.031375167 | AA15: =IF(OR(I15="",O15=""),"",(O15-I15)/I15) -> 0.051401869 | AB15: =IF(OR(Q15="",S15<>"",P15="",I15=""),"",IF(P15="Investor Override",IF(L15="","",(L15-I15)/I15),IF(P15="Offer 1",IF(M15="","",(M15-I15)/I15),IF(P15="Offer 2",IF(N15="","",(N15-I15)/I15),IF(P15="Offer 3",IF(O15="","",(O15-I15)/I15),"")))))
... A24: Coleman, Shelby | B24: 2-2312 | C24: A2 | D24: 46265 | E24: =IF(D24="","",D24-90) -> 46175 | F24: =IF(D24="","",D24-60) -> 46205 | G24: =IF(D24="","",D24-30) -> 46235 | H24: 0 | I24: 1420 | J24: =IF(I24="","",IF(ABS(N24-W24)<=ABS(M24-W24),IF(ABS(N24-W24)<=ABS(O24-W24),"Offer 2","Offer 3"),IF(ABS(M24-W24)<=ABS(O24-W24),"Offer 1","Offer 3"))) -> Offer 1 | L24: =IF(OR(I24="",K24=""),"",CEILING(I24*(1+K24),5)) | M24: =IF(I24="","",IF(X24="Under",CEILING(MAX(I24*1.02,MIN(V24,W24)*0.95),5),CEILING(MAX(I24*1.03,MIN(V24,W24)*0.97),5))) -> 1465 | N24: =IF(I24="","",IF(X24="Under",CEILING(MAX(I24*1.03,(V24+W24)/2*0.96),5),CEILING(MAX(I24*1.05,(V24+W24)/2*0.98),5))) -> 1605 | O24: =IF(I24="","",IF(X24="Under",CEILING(MAX(I24*1.05,MIN(V24,W24*1.01)),5),CEILING(MAX(I24*1.08,MIN(V24,W24*1.02)),5))) -> 1535 | T24: (352) 464-1604 (Mobile) | V24: =IF(C24="","",IFERROR(VLOOKUP(C24,SETUP!$A$9:$D$24,2,0),"⚠ Check SETUP")) -> 1795 | W24: =IF(C24="","",IFERROR(VLOOKUP(C24,SETUP!$A$9:$D$24,3,0),"⚠ Check SETUP")) -> 1476 | X24: =IF(C24="","",IFERROR(VLOOKUP(C24,SETUP!$A$9:$D$24,4,0),"⚠ Check SETUP")) -> Over | Y24: =IF(OR(I24="",M24=""),"",(M24-I24)/I24) -> 0.031690141 | Z24: =IF(OR(I24="",N24=""),"",(N24-I24)/I24) -> 0.13028169 | AA24: =IF(OR(I24="",O24=""),"",(O24-I24)/I24) -> 0.080985915 | AB24: =IF(OR(Q24="",S24<>"",P24="",I24=""),"",IF(P24="Investor Override",IF(L24="","",(L24-I24)/I24),IF(P24="Offer 1",IF(M24="","",(M24-I24)/I24),IF(P24="Offer 2",IF(N24="","",(N24-I24)/I24),IF(P24="Offer 3",IF(O24="","",(O24-I24)/I24),"")))))
A26: RETENTION ANALYSIS
A27: Metric | B27: Count | C27: % of Expirations | D27: % of Decided | E27: Status
A28: Total Lease Expirations | B28: =COUNTA(A4:A24) -> 21
A29: Renewals Signed | B29: =COUNTA(Q4:Q24) -> 0 | C29: =IFERROR(B29/B28,"-") -> 0 | D29: =IFERROR(B29/(B29+B30),"-") -> - | E29: =IF(B28=0,"Awaiting data",IF(B29/B28>=0.6,"On Track ✓","Needs Attention ⚠")) -> Needs Attention ⚠
A30: NTV's Received | B30: =COUNTA(S4:S24) -> 0 | C30: =IFERROR(B30/B28,"-") -> 0 | D30: =IFERROR(B30/(B29+B30),"-") -> - | E30: =IF(B28=0,"Awaiting data",IF(B30/B28<=0.2,"Acceptable","High NTV ⚠")) -> Acceptable
A31: Transfers | B31: =COUNTA(R4:R24) -> 0 | C31: =IFERROR(B31/B28,"-") -> 0 | D31: — | E31: Resident retained in portfolio
A32: Pending / Not Yet Decided | B32: =MAX(0,B28-B29-B30-B31) -> 21 | C32: =IFERROR(B32/B28,"-") -> 1 | D32: — | E32: =IF(B32=0,"All accounted for ✓","Follow up needed") -> Follow up needed
A34: RETENTION RATE (Renewals ÷ Total Expirations) | C34: =IFERROR(B29/B28,"-") -> 0 | D34: =IF(B28=0,"Enter resident data to calculate",IF(B29/B28>=0.6,"✓ Meeting target retention","⚠ Below target — review offers")) -> ⚠ Below target — review offers
A35: RETENTION RATE (Renewals ÷ Renewals + NTVs) ← of decided residents | C35: =IFERROR(B29/(B29+B30),"-") -> - | D35: Excludes pending residents — only counts those who have made a decision (renewed or NTV'd)
A38: Legend
A39: Renewed (auto: enter date in Renewal Signed)
A40: Pending Signature (manual: apply yellow fill)
A41: NTV / Notice to Vacate (auto: enter date in NTV Rcv'd)
A42: Transfer (auto: enter date in Transfer)
A43: MTM / Month-to-Month (manual: apply gray fill)

Sheet September 2026
A1: =SETUP!B3&" - "&SETUP!B4&" Renewals" -> RISE Bartram Park - April 2026 Renewals
A2: Name | B2: Unit | C2: Unit Type | D2: Expiration Date | E2: 90-Day Notice | F2: 60-Day Notice | G2: 30-Day Notice | H2: Deposit Held | I2: Current Rate | J2: Recommended Offer | K2: Investor Override % Increase | L2: Investor Override Offer | M2: Offer 1 Conservative | N2: Offer 2 Balanced | O2: Offer 3 Aggressive | P2: Signed Offer | Q2: Renewal Signed | R2: Transfer | S2: NTV Rcv'd | T2: Phone | U2: Notes | V2: Market Rate | W2: Budget | X2: Occupancy (Under/Over) | Y2: Rent Growth Offer 1 | Z2: Rent Growth Offer 2 | AA2: Rent Growth Offer 3 | AB2: Signed Rent Growth
A3: ▼ Enter | B3: ▼ Enter | C3: ▼ Enter | D3: ▼ Enter | E3: ◀ Auto | F3: ◀ Auto | G3: ◀ Auto | H3: ▼ Enter | I3: ▼ Enter | J3: ◀ Auto | K3: ▼ Enter | L3: ◀ Auto | M3: ◀ Auto | N3: ◀ Auto | O3: ◀ Auto | P3: ▼ Select | Q3: ▼ Enter | R3: ▼ Enter | S3: ▼ Enter | T3: ▼ Enter | U3: ▼ Enter | V3: ◀ Auto | W3: ◀ Auto | X3: ◀ Auto | Y3: ◀ Auto | Z3: ◀ Auto | AA3: ◀ Auto | AB3: ◀ Auto
A4: Villarceau, Lucenine (Lucy) | B4: 2-2211 | C4: B1 | D4: 46266 | E4: =IF(D4="","",D4-90) -> 46176 | F4: =IF(D4="","",D4-60) -> 46206 | G4: =IF(D4="","",D4-30) -> 46236 | H4: 0 | I4: 1620 | J4: =IF(I4="","",IF(ABS(N4-W4)<=ABS(M4-W4),IF(ABS(N4-W4)<=ABS(O4-W4),"Offer 2","Offer 3"),IF(ABS(M4-W4)<=ABS(O4-W4),"Offer 1","Offer 3"))) -> Offer 3 | L4: =IF(OR(I4="",K4=""),"",CEILING(I4*(1+K4),5)) | M4: =IF(I4="","",IF(X4="Under",CEILING(MAX(I4*1.02,MIN(V4,W4)*0.95),5),CEILING(MAX(I4*1.03,MIN(V4,W4)*0.97),5))) -> 1680 | N4: =IF(I4="","",IF(X4="Under",CEILING(MAX(I4*1.03,(V4+W4)/2*0.96),5),CEILING(MAX(I4*1.05,(V4+W4)/2*0.98),5))) -> 1720 | O4: =IF(I4="","",IF(X4="Under",CEILING(MAX(I4*1.05,MIN(V4,W4*1.01)),5),CEILING(MAX(I4*1.08,MIN(V4,W4*1.02)),5))) -> 1785 | T4: (904) 463-5426 (Mobile) | V4: =IF(C4="","",IFERROR(VLOOKUP(C4,SETUP!$A$9:$D$24,2,0),"⚠ Check SETUP")) -> 1809 | W4: =IF(C4="","",IFERROR(VLOOKUP(C4,SETUP!$A$9:$D$24,3,0),"⚠ Check SETUP")) -> 1764 | X4: =IF(C4="","",IFERROR(VLOOKUP(C4,SETUP!$A$9:$D$24,4,0),"⚠ Check SETUP")) -> Under | Y4: =IF(OR(I4="",M4=""),"",(M4-I4)/I4) -> 0.037037037 | Z4: =IF(OR(I4="",N4=""),"",(N4-I4)/I4) -> 0.061728395 | AA4: =IF(OR(I4="",O4=""),"",(O4-I4)/I4) -> 0.10185185 | AB4: =IF(OR(Q4="",S4<>"",P4="",I4=""),"",IF(P4="Investor Override",IF(L4="","",(L4-I4)/I4),IF(P4="Offer 1",IF(M4="","",(M4-I4)/I4),IF(P4="Offer 2",IF(N4="","",(N4-I4)/I4),IF(P4="Offer 3",IF(O4="","",(O4-I4)/I4),"")))))
A5: Mendez, Roberto | B5: 2-2231 | C5: B5 | D5: 46267 | E5: =IF(D5="","",D5-90) -> 46177 | F5: =IF(D5="","",D5-60) -> 46207 | G5: =IF(D5="","",D5-30) -> 46237 | H5: 0 | J5: =IF(I5="","",IF(ABS(N5-W5)<=ABS(M5-W5),IF(ABS(N5-W5)<=ABS(O5-W5),"Offer 2","Offer 3"),IF(ABS(M5-W5)<=ABS(O5-W5),"Offer 1","Offer 3"))) | L5: =IF(OR(I5="",K5=""),"",CEILING(I5*(1+K5),5)) | M5: =IF(I5="","",IF(X5="Under",CEILING(MAX(I5*1.02,MIN(V5,W5)*0.95),5),CEILING(MAX(I5*1.03,MIN(V5,W5)*0.97),5))) | N5: =IF(I5="","",IF(X5="Under",CEILING(MAX(I5*1.03,(V5+W5)/2*0.96),5),CEILING(MAX(I5*1.05,(V5+W5)/2*0.98),5))) | O5: =IF(I5="","",IF(X5="Under",CEILING(MAX(I5*1.05,MIN(V5,W5*1.01)),5),CEILING(MAX(I5*1.08,MIN(V5,W5*1.02)),5))) | T5: (904) 581-8003 (Mobile) | V5: =IF(C5="","",IFERROR(VLOOKUP(C5,SETUP!$A$9:$D$24,2,0),"⚠ Check SETUP")) -> 1860 | W5: =IF(C5="","",IFERROR(VLOOKUP(C5,SETUP!$A$9:$D$24,3,0),"⚠ Check SETUP")) -> 1776 | X5: =IF(C5="","",IFERROR(VLOOKUP(C5,SETUP!$A$9:$D$24,4,0),"⚠ Check SETUP")) -> Over | Y5: =IF(OR(I5="",M5=""),"",(M5-I5)/I5) | Z5: =IF(OR(I5="",N5=""),"",(N5-I5)/I5) | AA5: =IF(OR(I5="",O5=""),"",(O5-I5)/I5) | AB5: =IF(OR(Q5="",S5<>"",P5="",I5=""),"",IF(P5="Investor Override",IF(L5="","",(L5-I5)/I5),IF(P5="Offer 1",IF(M5="","",(M5-I5)/I5),IF(P5="Offer 2",IF(N5="","",(N5-I5)/I5),IF(P5="Offer 3",IF(O5="","",(O5-I5)/I5),"")))))
A6: Fusco, Daniel | B6: 3-3408 | C6: A5 | D6: 46268 | E6: =IF(D6="","",D6-90) -> 46178 | F6: =IF(D6="","",D6-60) -> 46208 | G6: =IF(D6="","",D6-30) -> 46238 | H6: 0 | I6: 1706 | J6: =IF(I6="","",IF(ABS(N6-W6)<=ABS(M6-W6),IF(ABS(N6-W6)<=ABS(O6-W6),"Offer 2","Offer 3"),IF(ABS(M6-W6)<=ABS(O6-W6),"Offer 1","Offer 3"))) -> Offer 1 | L6: =IF(OR(I6="",K6=""),"",CEILING(I6*(1+K6),5)) | M6: =IF(I6="","",IF(X6="Under",CEILING(MAX(I6*1.02,MIN(V6,W6)*0.95),5),CEILING(MAX(I6*1.03,MIN(V6,W6)*0.97),5))) -> 1745 | N6: =IF(I6="","",IF(X6="Under",CEILING(MAX(I6*1.03,(V6+W6)/2*0.96),5),CEILING(MAX(I6*1.05,(V6+W6)/2*0.98),5))) -> 1760 | O6: =IF(I6="","",IF(X6="Under",CEILING(MAX(I6*1.05,MIN(V6,W6*1.01)),5),CEILING(MAX(I6*1.08,MIN(V6,W6*1.02)),5))) -> 1795 | T6: (407) 274-5434 (Mobile) | V6: =IF(C6="","",IFERROR(VLOOKUP(C6,SETUP!$A$9:$D$24,2,0),"⚠ Check SETUP")) -> 1719 | W6: =IF(C6="","",IFERROR(VLOOKUP(C6,SETUP!$A$9:$D$24,3,0),"⚠ Check SETUP")) -> 1561 | X6: =IF(C6="","",IFERROR(VLOOKUP(C6,SETUP!$A$9:$D$24,4,0),"⚠ Check SETUP")) -> Under | Y6: =IF(OR(I6="",M6=""),"",(M6-I6)/I6) -> 0.022860492 | Z6: =IF(OR(I6="",N6=""),"",(N6-I6)/I6) -> 0.031652989 | AA6: =IF(OR(I6="",O6=""),"",(O6-I6)/I6) -> 0.052168816 | AB6: =IF(OR(Q6="",S6<>"",P6="",I6=""),"",IF(P6="Investor Override",IF(L6="","",(L6-I6)/I6),IF(P6="Offer 1",IF(M6="","",(M6-I6)/I6),IF(P6="Offer 2",IF(N6="","",(N6-I6)/I6),IF(P6="Offer 3",IF(O6="","",(O6-I6)/I6),"")))))
A7: Fritz, Kayleana | B7: 1-1422 | C7: A1 | D7: 46270 | E7: =IF(D7="","",D7-90) -> 46180 | F7: =IF(D7="","",D7-60) -> 46210 | G7: =IF(D7="","",D7-30) -> 46240 | H7: 0 | I7: 1617 | J7: =IF(I7="","",IF(ABS(N7-W7)<=ABS(M7-W7),IF(ABS(N7-W7)<=ABS(O7-W7),"Offer 2","Offer 3"),IF(ABS(M7-W7)<=ABS(O7-W7),"Offer 1","Offer 3"))) -> Offer 1 | L7: =IF(OR(I7="",K7=""),"",CEILING(I7*(1+K7),5)) | M7: =IF(I7="","",IF(X7="Under",CEILING(MAX(I7*1.02,MIN(V7,W7)*0.95),5),CEILING(MAX(I7*1.03,MIN(V7,W7)*0.97),5))) -> 1650 | N7: =IF(I7="","",IF(X7="Under",CEILING(MAX(I7*1.03,(V7+W7)/2*0.96),5),CEILING(MAX(I7*1.05,(V7+W7)/2*0.98),5))) -> 1670 | O7: =IF(I7="","",IF(X7="Under",CEILING(MAX(I7*1.05,MIN(V7,W7*1.01)),5),CEILING(MAX(I7*1.08,MIN(V7,W7*1.02)),5))) -> 1700 | T7: (407) 310-4590 (Mobile) | V7: =IF(C7="","",IFERROR(VLOOKUP(C7,SETUP!$A$9:$D$24,2,0),"⚠ Check SETUP")) -> 1595 | W7: =IF(C7="","",IFERROR(VLOOKUP(C7,SETUP!$A$9:$D$24,3,0),"⚠ Check SETUP")) -> 1504 | X7: =IF(C7="","",IFERROR(VLOOKUP(C7,SETUP!$A$9:$D$24,4,0),"⚠ Check SETUP")) -> Under | Y7: =IF(OR(I7="",M7=""),"",(M7-I7)/I7) -> 0.020408163 | Z7: =IF(OR(I7="",N7=""),"",(N7-I7)/I7) -> 0.032776747 | AA7: =IF(OR(I7="",O7=""),"",(O7-I7)/I7) -> 0.051329623 | AB7: =IF(OR(Q7="",S7<>"",P7="",I7=""),"",IF(P7="Investor Override",IF(L7="","",(L7-I7)/I7),IF(P7="Offer 1",IF(M7="","",(M7-I7)/I7),IF(P7="Offer 2",IF(N7="","",(N7-I7)/I7),IF(P7="Offer 3",IF(O7="","",(O7-I7)/I7),"")))))
A8: Llera, Wilson | B8: 1-1201 | C8: B3 | D8: 46271 | E8: =IF(D8="","",D8-90) -> 46181 | F8: =IF(D8="","",D8-60) -> 46211 | G8: =IF(D8="","",D8-30) -> 46241 | H8: 0 | I8: 2107 | J8: =IF(I8="","",IF(ABS(N8-W8)<=ABS(M8-W8),IF(ABS(N8-W8)<=ABS(O8-W8),"Offer 2","Offer 3"),IF(ABS(M8-W8)<=ABS(O8-W8),"Offer 1","Offer 3"))) -> Offer 1 | L8: =IF(OR(I8="",K8=""),"",CEILING(I8*(1+K8),5)) | M8: =IF(I8="","",IF(X8="Under",CEILING(MAX(I8*1.02,MIN(V8,W8)*0.95),5),CEILING(MAX(I8*1.03,MIN(V8,W8)*0.97),5))) -> 2150 | N8: =IF(I8="","",IF(X8="Under",CEILING(MAX(I8*1.03,(V8+W8)/2*0.96),5),CEILING(MAX(I8*1.05,(V8+W8)/2*0.98),5))) -> 2175 | O8: =IF(I8="","",IF(X8="Under",CEILING(MAX(I8*1.05,MIN(V8,W8*1.01)),5),CEILING(MAX(I8*1.08,MIN(V8,W8*1.02)),5))) -> 2215 | T8: (939) 213-6072 (Home) | V8: =IF(C8="","",IFERROR(VLOOKUP(C8,SETUP!$A$9:$D$24,2,0),"⚠ Check SETUP")) -> 1880 | W8: =IF(C8="","",IFERROR(VLOOKUP(C8,SETUP!$A$9:$D$24,3,0),"⚠ Check SETUP")) -> 1976 | X8: =IF(C8="","",IFERROR(VLOOKUP(C8,SETUP!$A$9:$D$24,4,0),"⚠ Check SETUP")) -> Under | Y8: =IF(OR(I8="",M8=""),"",(M8-I8)/I8) -> 0.020408163 | Z8: =IF(OR(I8="",N8=""),"",(N8-I8)/I8) -> 0.032273374 | AA8: =IF(OR(I8="",O8=""),"",(O8-I8)/I8) -> 0.051257712 | AB8: =IF(OR(Q8="",S8<>"",P8="",I8=""),"",IF(P8="Investor Override",IF(L8="","",(L8-I8)/I8),IF(P8="Offer 1",IF(M8="","",(M8-I8)/I8),IF(P8="Offer 2",IF(N8="","",(N8-I8)/I8),IF(P8="Offer 3",IF(O8="","",(O8-I8)/I8),"")))))
A9: Jones, Casey | B9: 2-2323 | C9: A1 | D9: 46272 | E9: =IF(D9="","",D9-90) -> 46182 | F9: =IF(D9="","",D9-60) -> 46212 | G9: =IF(D9="","",D9-30) -> 46242 | H9: 1627 | I9: 1627 | J9: =IF(I9="","",IF(ABS(N9-W9)<=ABS(M9-W9),IF(ABS(N9-W9)<=ABS(O9-W9),"Offer 2","Offer 3"),IF(ABS(M9-W9)<=ABS(O9-W9),"Offer 1","Offer 3"))) -> Offer 1 | L9: =IF(OR(I9="",K9=""),"",CEILING(I9*(1+K9),5)) | M9: =IF(I9="","",IF(X9="Under",CEILING(MAX(I9*1.02,MIN(V9,W9)*0.95),5),CEILING(MAX(I9*1.03,MIN(V9,W9)*0.97),5))) -> 1660 | N9: =IF(I9="","",IF(X9="Under",CEILING(MAX(I9*1.03,(V9+W9)/2*0.96),5),CEILING(MAX(I9*1.05,(V9+W9)/2*0.98),5))) -> 1680 | O9: =IF(I9="","",IF(X9="Under",CEILING(MAX(I9*1.05,MIN(V9,W9*1.01)),5),CEILING(MAX(I9*1.08,MIN(V9,W9*1.02)),5))) -> 1710 | T9: (218) 242-5633 (Mobile) | V9: =IF(C9="","",IFERROR(VLOOKUP(C9,SETUP!$A$9:$D$24,2,0),"⚠ Check SETUP")) -> 1595 | W9: =IF(C9="","",IFERROR(VLOOKUP(C9,SETUP!$A$9:$D$24,3,0),"⚠ Check SETUP")) -> 1504 | X9: =IF(C9="","",IFERROR(VLOOKUP(C9,SETUP!$A$9:$D$24,4,0),"⚠ Check SETUP")) -> Under | Y9: =IF(OR(I9="",M9=""),"",(M9-I9)/I9) -> 0.020282729 | Z9: =IF(OR(I9="",N9=""),"",(N9-I9)/I9) -> 0.032575292 | AA9: =IF(OR(I9="",O9=""),"",(O9-I9)/I9) -> 0.051014136 | AB9: =IF(OR(Q9="",S9<>"",P9="",I9=""),"",IF(P9="Investor Override",IF(L9="","",(L9-I9)/I9),IF(P9="Offer 1",IF(M9="","",(M9-I9)/I9),IF(P9="Offer 2",IF(N9="","",(N9-I9)/I9),IF(P9="Offer 3",IF(O9="","",(O9-I9)/I9),"")))))
A10: Brown, Shanae | B10: 1-1427 | C10: A4 | D10: 46273 | E10: =IF(D10="","",D10-90) -> 46183 | F10: =IF(D10="","",D10-60) -> 46213 | G10: =IF(D10="","",D10-30) -> 46243 | H10: 0 | I10: 1395 | J10: =IF(I10="","",IF(ABS(N10-W10)<=ABS(M10-W10),IF(ABS(N10-W10)<=ABS(O10-W10),"Offer 2","Offer 3"),IF(ABS(M10-W10)<=ABS(O10-W10),"Offer 1","Offer 3"))) -> Offer 1 | L10: =IF(OR(I10="",K10=""),"",CEILING(I10*(1+K10),5)) | M10: =IF(I10="","",IF(X10="Under",CEILING(MAX(I10*1.02,MIN(V10,W10)*0.95),5),CEILING(MAX(I10*1.03,MIN(V10,W10)*0.97),5))) -> 1440 | N10: =IF(I10="","",IF(X10="Under",CEILING(MAX(I10*1.03,(V10+W10)/2*0.96),5),CEILING(MAX(I10*1.05,(V10+W10)/2*0.98),5))) -> 1465 | O10: =IF(I10="","",IF(X10="Under",CEILING(MAX(I10*1.05,MIN(V10,W10*1.01)),5),CEILING(MAX(I10*1.08,MIN(V10,W10*1.02)),5))) -> 1510 | T10: (904) 304-7670 (Mobile) | V10: =IF(C10="","",IFERROR(VLOOKUP(C10,SETUP!$A$9:$D$24,2,0),"⚠ Check SETUP")) -> 1421 | W10: =IF(C10="","",IFERROR(VLOOKUP(C10,SETUP!$A$9:$D$24,3,0),"⚠ Check SETUP")) -> 1424 | X10: =IF(C10="","",IFERROR(VLOOKUP(C10,SETUP!$A$9:$D$24,4,0),"⚠ Check SETUP")) -> Over | Y10: =IF(OR(I10="",M10=""),"",(M10-I10)/I10) -> 0.032258065 | Z10: =IF(OR(I10="",N10=""),"",(N10-I10)/I10) -> 0.050179211 | AA10: =IF(OR(I10="",O10=""),"",(O10-I10)/I10) -> 0.082437276 | AB10: =IF(OR(Q10="",S10<>"",P10="",I10=""),"",IF(P10="Investor Override",IF(L10="","",(L10-I10)/I10),IF(P10="Offer 1",IF(M10="","",(M10-I10)/I10),IF(P10="Offer 2",IF(N10="","",(N10-I10)/I10),IF(P10="Offer 3",IF(O10="","",(O10-I10)/I10),"")))))
A11: Robinson, Shaletha | B11: 1-1337 | C11: A1 | D11: 46276 | E11: =IF(D11="","",D11-90) -> 46186 | F11: =IF(D11="","",D11-60) -> 46216 | G11: =IF(D11="","",D11-30) -> 46246 | H11: 1413 | I11: 1413 | J11: =IF(I11="","",IF(ABS(N11-W11)<=ABS(M11-W11),IF(ABS(N11-W11)<=ABS(O11-W11),"Offer 2","Offer 3"),IF(ABS(M11-W11)<=ABS(O11-W11),"Offer 1","Offer 3"))) -> Offer 2 | L11: =IF(OR(I11="",K11=""),"",CEILING(I11*(1+K11),5)) | M11: =IF(I11="","",IF(X11="Under",CEILING(MAX(I11*1.02,MIN(V11,W11)*0.95),5),CEILING(MAX(I11*1.03,MIN(V11,W11)*0.97),5))) -> 1445 | N11: =IF(I11="","",IF(X11="Under",CEILING(MAX(I11*1.03,(V11+W11)/2*0.96),5),CEILING(MAX(I11*1.05,(V11+W11)/2*0.98),5))) -> 1490 | O11: =IF(I11="","",IF(X11="Under",CEILING(MAX(I11*1.05,MIN(V11,W11*1.01)),5),CEILING(MAX(I11*1.08,MIN(V11,W11*1.02)),5))) -> 1520 | T11: (904) 803-3783 (Mobile) | V11: =IF(C11="","",IFERROR(VLOOKUP(C11,SETUP!$A$9:$D$24,2,0),"⚠ Check SETUP")) -> 1595 | W11: =IF(C11="","",IFERROR(VLOOKUP(C11,SETUP!$A$9:$D$24,3,0),"⚠ Check SETUP")) -> 1504 | X11: =IF(C11="","",IFERROR(VLOOKUP(C11,SETUP!$A$9:$D$24,4,0),"⚠ Check SETUP")) -> Under | Y11: =IF(OR(I11="",M11=""),"",(M11-I11)/I11) -> 0.022646851 | Z11: =IF(OR(I11="",N11=""),"",(N11-I11)/I11) -> 0.054493984 | AA11: =IF(OR(I11="",O11=""),"",(O11-I11)/I11) -> 0.075725407 | AB11: =IF(OR(Q11="",S11<>"",P11="",I11=""),"",IF(P11="Investor Override",IF(L11="","",(L11-I11)/I11),IF(P11="Offer 1",IF(M11="","",(M11-I11)/I11),IF(P11="Offer 2",IF(N11="","",(N11-I11)/I11),IF(P11="Offer 3",IF(O11="","",(O11-I11)/I11),"")))))
A12: rosa, Fernando | B12: 1-1229 | C12: B2 | D12: 46279 | E12: =IF(D12="","",D12-90) -> 46189 | F12: =IF(D12="","",D12-60) -> 46219 | G12: =IF(D12="","",D12-30) -> 46249 | H12: 500 | I12: 1892 | J12: =IF(I12="","",IF(ABS(N12-W12)<=ABS(M12-W12),IF(ABS(N12-W12)<=ABS(O12-W12),"Offer 2","Offer 3"),IF(ABS(M12-W12)<=ABS(O12-W12),"Offer 1","Offer 3"))) -> Offer 1 | L12: =IF(OR(I12="",K12=""),"",CEILING(I12*(1+K12),5)) | M12: =IF(I12="","",IF(X12="Under",CEILING(MAX(I12*1.02,MIN(V12,W12)*0.95),5),CEILING(MAX(I12*1.03,MIN(V12,W12)*0.97),5))) -> 1930 | N12: =IF(I12="","",IF(X12="Under",CEILING(MAX(I12*1.03,(V12+W12)/2*0.96),5),CEILING(MAX(I12*1.05,(V12+W12)/2*0.98),5))) -> 1950 | O12: =IF(I12="","",IF(X12="Under",CEILING(MAX(I12*1.05,MIN(V12,W12*1.01)),5),CEILING(MAX(I12*1.08,MIN(V12,W12*1.02)),5))) -> 1990 | T12: (904) 789-9090 (Mobile) | V12: =IF(C12="","",IFERROR(VLOOKUP(C12,SETUP!$A$9:$D$24,2,0),"⚠ Check SETUP")) -> 1595 | W12: =IF(C12="","",IFERROR(VLOOKUP(C12,SETUP!$A$9:$D$24,3,0),"⚠ Check SETUP")) -> 1806 | X12: =IF(C12="","",IFERROR(VLOOKUP(C12,SETUP!$A$9:$D$24,4,0),"⚠ Check SETUP")) -> Under | Y12: =IF(OR(I12="",M12=""),"",(M12-I12)/I12) -> 0.020084567 | Z12: =IF(OR(I12="",N12=""),"",(N12-I12)/I12) -> 0.030655391 | AA12: =IF(OR(I12="",O12=""),"",(O12-I12)/I12) -> 0.05179704 | AB12: =IF(OR(Q12="",S12<>"",P12="",I12=""),"",IF(P12="Investor Override",IF(L12="","",(L12-I12)/I12),IF(P12="Offer 1",IF(M12="","",(M12-I12)/I12),IF(P12="Offer 2",IF(N12="","",(N12-I12)/I12),IF(P12="Offer 3",IF(O12="","",(O12-I12)/I12),"")))))
A13: Powers, Walter | B13: 3-3114 | C13: B2 | D13: 46279 | E13: =IF(D13="","",D13-90) -> 46189 | F13: =IF(D13="","",D13-60) -> 46219 | G13: =IF(D13="","",D13-30) -> 46249 | H13: 0 | J13: =IF(I13="","",IF(ABS(N13-W13)<=ABS(M13-W13),IF(ABS(N13-W13)<=ABS(O13-W13),"Offer 2","Offer 3"),IF(ABS(M13-W13)<=ABS(O13-W13),"Offer 1","Offer 3"))) | L13: =IF(OR(I13="",K13=""),"",CEILING(I13*(1+K13),5)) | M13: =IF(I13="","",IF(X13="Under",CEILING(MAX(I13*1.02,MIN(V13,W13)*0.95),5),CEILING(MAX(I13*1.03,MIN(V13,W13)*0.97),5))) | N13: =IF(I13="","",IF(X13="Under",CEILING(MAX(I13*1.03,(V13+W13)/2*0.96),5),CEILING(MAX(I13*1.05,(V13+W13)/2*0.98),5))) | O13: =IF(I13="","",IF(X13="Under",CEILING(MAX(I13*1.05,MIN(V13,W13*1.01)),5),CEILING(MAX(I13*1.08,MIN(V13,W13*1.02)),5))) | T13: (904) 386-1478 (Mobile) | V13: =IF(C13="","",IFERROR(VLOOKUP(C13,SETUP!$A$9:$D$24,2,0),"⚠ Check SETUP")) -> 1595 | W13: =IF(C13="","",IFERROR(VLOOKUP(C13,SETUP!$A$9:$D$24,3,0),"⚠ Check SETUP")) -> 1806 | X13: =IF(C13="","",IFERROR(VLOOKUP(C13,SETUP!$A$9:$D$24,4,0),"⚠ Check SETUP")) -> Under | Y13: =IF(OR(I13="",M13=""),"",(M13-I13)/I13) | Z13: =IF(OR(I13="",N13=""),"",(N13-I13)/I13) | AA13: =IF(OR(I13="",O13=""),"",(O13-I13)/I13) | AB13: =IF(OR(Q13="",S13<>"",P13="",I13=""),"",IF(P13="Investor Override",IF(L13="","",(L13-I13)/I13),IF(P13="Offer 1",IF(M13="","",(M13-I13)/I13),IF(P13="Offer 2",IF(N13="","",(N13-I13)/I13),IF(P13="Offer 3",IF(O13="","",(O13-I13)/I13),"")))))
A14: Ko, Susannah | B14: 3-3309 | C14: A1 | D14: 46279 | E14: =IF(D14="","",D14-90) -> 46189 | F14: =IF(D14="","",D14-60) -> 46219 | G14: =IF(D14="","",D14-30) -> 46249 | H14: 0 | I14: 1447 | J14: =IF(I14="","",IF(ABS(N14-W14)<=ABS(M14-W14),IF(ABS(N14-W14)<=ABS(O14-W14),"Offer 2","Offer 3"),IF(ABS(M14-W14)<=ABS(O14-W14),"Offer 1","Offer 3"))) -> Offer 2 | L14: =IF(OR(I14="",K14=""),"",CEILING(I14*(1+K14),5)) | M14: =IF(I14="","",IF(X14="Under",CEILING(MAX(I14*1.02,MIN(V14,W14)*0.95),5),CEILING(MAX(I14*1.03,MIN(V14,W14)*0.97),5))) -> 1480 | N14: =IF(I14="","",IF(X14="Under",CEILING(MAX(I14*1.03,(V14+W14)/2*0.96),5),CEILING(MAX(I14*1.05,(V14+W14)/2*0.98),5))) -> 1495 | O14: =IF(I14="","",IF(X14="Under",CEILING(MAX(I14*1.05,MIN(V14,W14*1.01)),5),CEILING(MAX(I14*1.08,MIN(V14,W14*1.02)),5))) -> 1520 | T14: (904) 568-1554 (Home) | V14: =IF(C14="","",IFERROR(VLOOKUP(C14,SETUP!$A$9:$D$24,2,0),"⚠ Check SETUP")) -> 1595 | W14: =IF(C14="","",IFERROR(VLOOKUP(C14,SETUP!$A$9:$D$24,3,0),"⚠ Check SETUP")) -> 1504 | X14: =IF(C14="","",IFERROR(VLOOKUP(C14,SETUP!$A$9:$D$24,4,0),"⚠ Check SETUP")) -> Under | Y14: =IF(OR(I14="",M14=""),"",(M14-I14)/I14) -> 0.022805805 | Z14: =IF(OR(I14="",N14=""),"",(N14-I14)/I14) -> 0.03317208 | AA14: =IF(OR(I14="",O14=""),"",(O14-I14)/I14) -> 0.050449205 | AB14: =IF(OR(Q14="",S14<>"",P14="",I14=""),"",IF(P14="Investor Override",IF(L14="","",(L14-I14)/I14),IF(P14="Offer 1",IF(M14="","",(M14-I14)/I14),IF(P14="Offer 2",IF(N14="","",(N14-I14)/I14),IF(P14="Offer 3",IF(O14="","",(O14-I14)/I14),"")))))
